PDB_ID,af3,boltz,chai,hf3,nufold,rf2na,rhofold,trrosetta
7EXY,0.84,0.81,0.88,0.87,0.76,0.73,0.84,0.27
7KUB,0.88,0.81,0.86,0.85,0.78,0.69,0.64,0.63
7KUC,0.97,0.95,0.86,0.95,0.92,0.97,0.82,0.92
7KUD,0.82,0.76,0.9,0.8,0.74,0.77,0.85,0.77
7MKT,0.0,0.0,0.0,0.0,0.0,0.0,0.0,0.0
7PS8,0.25,0.31,0.35,0.21,0.26,0.33,0.23,0.26
7Q48,0.33,0.45,0.49,0.34,0.33,0.38,0.37,0.36
7Q6L,0.31,0.36,0.36,0.32,0.3,0.45,0.36,0.28
7QA2,0.4,0.49,0.46,0.46,0.27,0.42,0.45,0.36
7RWR,0.67,0.68,0.69,0.62,0.74,0.69,0.69,0.75
7SHX,0.59,0.7,0.62,0.65,0.68,0.64,0.62,0.47
7SXP,0.3,0.43,0.33,0.24,0.25,0.34,0.44,0.36
7UGA,0.9,0.85,0.84,0.89,0.83,0.77,0.84,0.81
7UMC,0.82,0.83,0.7,0.83,0.73,0.75,0.78,0.64
7UMD,0.81,0.82,0.81,0.71,0.68,0.78,0.75,0.55
7UME,0.82,0.81,0.77,0.8,0.83,0.76,0.78,0.47
7V06,0.72,0.74,0.83,0.8,0.62,0.73,0.72,0.49
7WIA,0.82,0.79,0.8,0.73,0.81,0.68,0.7,0.84
8BTZ,0.88,0.87,0.89,0.9,0.79,0.62,0.77,0.45
8BU8,0.86,0.87,0.83,0.83,0.71,0.58,0.11,0.66
8BWT,0.91,0.89,0.89,0.92,0.83,0.87,0.82,0.79
8CLR,0.97,0.97,0.91,0.88,0.94,0.83,0.94,0.76
8CQ1,0.9,0.9,0.87,0.88,0.84,0.81,0.72,0.62
8FB3,0.71,0.68,0.46,0.73,0.78,0.62,0.66,0.55
8FCS,0.88,0.85,0.88,0.88,0.88,0.91,0.78,0.8
8FZA,0.67,0.37,0.62,0.69,0.65,0.48,0.48,0.41
8HB8,0.61,0.59,0.56,0.5,0.53,0.48,0.42,0.2
8I43,0.81,0.78,0.81,0.85,0.69,0.67,0.74,0.69
8I44,0.72,0.81,0.74,0.86,0.69,0.76,0.71,0.22
8I45,0.89,0.83,0.8,0.87,0.72,0.76,0.84,0.32
8I46,0.9,0.9,0.85,0.94,0.74,0.65,0.82,0.72
8ITS,0.84,0.85,0.84,0.87,0.88,0.82,0.81,0.45
8JHP,0.63,0.65,0.77,0.72,0.78,0.55,0.64,0.47
8K2Z,0.9,0.63,0.76,0.86,0.84,0.66,0.79,0.2
8K30,0.4,0.24,0.33,0.35,0.38,0.33,0.38,0.3
8K8B,0.66,0.78,0.71,0.74,0.66,0.72,0.72,0.34
8KEB,0.37,0.37,0.39,0.37,0.34,0.38,0.31,0.28
8Q4O,0.25,0.31,0.34,0.3,0.23,0.29,0.15,0.29
8Q6N,0.84,0.87,0.76,0.83,0.85,0.75,0.69,0.33
8QO2,0.57,0.55,0.55,0.58,0.66,0.52,0.52,0.58
8QO3,0.75,0.76,0.76,0.78,0.8,0.71,0.74,0.56
8QO4,0.7,0.67,0.67,0.68,0.71,0.68,0.66,0.62
8QO5,0.69,0.64,0.62,0.64,0.68,0.6,0.59,0.56
8SCF,0.82,0.82,0.81,0.8,0.81,0.76,0.79,0.3
8SCH,0.82,0.83,0.72,0.78,0.76,0.85,0.78,0.65
8T5O,0.41,0.41,0.44,0.39,0.47,0.4,0.27,0.31
8TNS,0.0,0.0,0.0,0.0,0.0,0.0,0.0,0.0
8TVZ,0.87,0.82,0.82,0.8,0.69,0.63,0.0,0.68
8UPT,0.77,0.74,0.69,0.71,0.72,0.63,0.68,0.57
8UTG,0.26,0.43,0.35,0.07,0.31,0.25,0.3,0.37
8UYG,0.86,0.79,0.57,0.77,0.76,0.69,0.66,0.54
8UYM,0.84,0.78,0.78,0.79,0.79,0.72,0.74,0.7
8UYP,0.89,0.74,0.77,0.83,0.72,0.72,0.75,0.59
8V1H,0.35,0.33,0.33,0.34,0.37,0.24,0.33,0.32
8V1I,0.36,0.33,0.4,0.33,0.32,0.32,0.35,0.24
8VCI,0.83,0.81,0.8,0.76,0.69,0.71,0.73,0.6
8VT5,0.87,0.87,0.76,0.88,0.82,0.74,0.81,0.58
8XZL,0.82,0.83,0.79,0.71,0.75,0.66,0.73,0.32
8ZAU,0.72,0.74,0.75,0.7,0.69,0.64,0.74,0.57
9BLM,0.83,0.89,0.62,0.81,0.86,0.8,0.68,0.43
9BUN,0.74,0.76,0.67,0.71,0.69,0.69,0.61,0.47
9DE6,0.89,0.38,0.88,0.92,0.88,0.75,0.87,0.69
9DE7,0.93,0.88,0.78,0.88,0.86,0.77,0.84,0.56
9ECQ,0.98,0.92,0.8,0.92,0.87,0.89,0.78,0.78
9ECR,0.86,0.73,0.74,0.85,0.82,0.75,0.67,0.56
9EOW,0.8,0.85,0.84,0.87,0.78,0.77,0.75,0.35
9EWW,0.74,0.68,0.47,0.64,0.64,0.49,0.26,0.53
9FM4,0.79,0.78,0.73,0.82,0.8,0.8,0.8,0.56
9FO8,0.77,0.76,0.74,0.82,0.79,0.7,0.8,0.61
9FO9,0.77,0.76,0.8,0.78,0.77,0.67,0.75,0.74
9G7C,0.78,0.66,0.55,0.71,0.73,0.66,0.6,0.62
9IO0,0.92,0.9,0.83,0.95,0.74,0.72,0.79,0.81
9IO1,0.74,0.74,0.8,0.78,0.74,0.72,0.74,0.48
9IOR,0.82,0.82,0.76,0.78,0.59,0.71,0.73,0.66
9IOS,0.93,0.87,0.9,0.9,0.79,0.68,0.65,0.57
9IOU,0.85,0.8,0.76,0.84,0.65,0.66,0.79,0.69
R1205,0.6,0.57,0.44,0.59,0.57,0.58,0.46,0.48
R1209,0.78,0.8,0.76,0.79,0.76,0.79,0.76,0.72
R1211,0.88,0.88,0.86,0.89,0.84,0.76,0.77,0.61
R1212,0.22,0.26,0.28,0.21,0.34,0.28,0.22,0.29
R1248,0.39,0.38,0.45,0.35,0.46,0.39,0.32,0.36
R1263,0.86,0.92,0.75,0.84,0.86,0.96,0.86,0.78
R1271,0.82,0.82,0.79,0.82,0.81,0.79,0.72,0.36
R1288,0.68,0.68,0.64,0.6,0.65,0.64,0.65,0.38
R1293,0.68,0.76,0.71,0.76,0.69,0.66,0.6,0.5
R1296,0.86,0.83,0.83,0.86,0.84,0.82,0.74,0.62
