PDB_ID,af3,boltz,hf3,rf2na
7DA7,0.017000,0.139000,0.130000,0.005000
7ECJ,0.819000,0.813000,0.823000,0.843000
7ECK,0.742000,0.776000,0.804000,0.853000
7P0V,0.240000,0.349000,0.078000,0.091000
7PDU,0.220000,0.231000,0.213000,0.102000
7PMM,0.019000,0.172000,0.018000,0.019000
7QR3,0.208000,0.229000,0.052000,0.238000
7QR4,0.604000,0.691000,0.070000,0.616000
7SC6,0.218000,0.252000,0.252000,0.258000
7SCQ,0.215000,0.257000,0.229000,0.251000
7TNX,0.814000,0.479000,0.307000,0.037000
7TNY,0.760000,0.673000,0.300000,0.230000
7TO0,0.734000,0.293000,0.595000,0.054000
7TO1,0.220000,0.177000,0.029000,0.041000
7TO2,0.008000,0.009000,0.008000,0.037000
7U2A,0.700000,0.586000,0.326000,0.272000
7UIM,0.035000,0.008000,0.007000,0.003000
7UR5,0.009000,0.014000,0.114000,0.028000
7UU3,0.159000,0.154000,0.155000,0.064000
7V94,0.461000,0.273000,0.096000,0.009000
7XJZ,0.312000,0.330000,0.283000,0.042000
7YFQ,0.591000,0.594000,0.170000,0.028000
7YFX,0.180000,0.313000,0.048000,0.009000
7YFY,0.614000,0.528000,0.223000,0.018000
7YG6,0.402000,0.419000,0.368000,0.023000
7YGN,0.782000,0.723000,0.024000,0.011000
7YOJ,0.171000,0.200000,0.154000,0.012000
8AF0,0.196000,0.136000,0.134000,0.024000
8B9K,0.016000,0.041000,0.006000,0.015000
8CTI,0.165000,0.012000,0.012000,0.015000
8D9G,0.109000,0.112000,0.073000,0.001000
8DC2,0.259000,0.178000,0.179000,0.006000
8DMB,0.326000,0.202000,0.176000,0.009000
8DVR,0.145000,0.056000,0.046000,0.065000
8DVS,0.190000,0.145000,0.033000,0.025000
8E28,0.048000,0.381000,0.039000,0.450000
8E29,0.381000,0.376000,0.351000,0.283000
8E2A,0.060000,0.326000,0.050000,0.172000
8FTI,0.008000,0.009000,0.013000,0.013000
8GZP,0.028000,0.012000,0.005000,0.012000
8GZR,0.124000,0.152000,0.020000,0.008000
8H1B,0.278000,0.206000,0.046000,0.282000
8H1J,0.140000,0.251000,0.101000,0.006000
8HB1,0.419000,0.278000,0.413000,0.074000
8HB3,0.154000,0.200000,0.378000,0.075000
8HBA,0.009000,0.017000,0.007000,0.013000
8HIO,0.018000,0.038000,0.025000,0.017000
8HKE,0.128000,0.290000,0.134000,0.019000
8HNT,0.124000,0.008000,0.015000,0.009000
8HNW,0.808000,0.751000,0.173000,0.014000
8HUD,0.441000,0.698000,0.174000,0.016000
8HZJ,0.044000,0.040000,0.012000,0.017000
8HZK,0.026000,0.065000,0.014000,0.012000
8HZL,0.011000,0.012000,0.008000,0.003000
8I3Q,0.009000,0.043000,0.015000,0.009000
8IBW,0.163000,0.133000,0.111000,0.011000
8IBY,0.005000,0.016000,0.022000,0.033000
8IBZ,0.006000,0.015000,0.007000,0.009000
8ID2,0.202000,0.082000,0.097000,0.077000
8IDF,0.141000,0.160000,0.013000,0.013000
8IEW,0.454000,0.439000,0.166000,0.009000
8IFK,0.370000,0.663000,0.102000,0.006000
8IN8,0.539000,0.708000,0.113000,0.021000
8IPM,0.498000,0.477000,0.018000,0.024000
8J8H,0.625000,0.650000,0.108000,0.009000
8J9G,0.016000,0.018000,0.018000,0.013000
8JL0,0.426000,0.575000,0.105000,0.008000
8JTJ,0.643000,0.546000,0.252000,0.014000
8JTR,0.307000,0.184000,0.268000,0.014000
8K0Y,0.007000,0.234000,0.011000,0.026000
8KAG,0.499000,0.447000,0.131000,0.019000
8OKD,0.579000,0.136000,0.006000,0.153000
8OMR,0.741000,0.281000,0.737000,0.282000
8OPP,0.035000,0.033000,0.024000,0.034000
8PJB,0.249000,0.107000,0.108000,0.164000
8PM4,0.172000,0.285000,0.167000,0.010000
8PVV,0.244000,0.189000,0.079000,0.014000
8QG0,0.445000,0.247000,0.109000,0.024000
8R0S,0.602000,0.607000,0.232000,0.115000
8SCZ,0.645000,0.437000,0.023000,0.023000
8SD0,0.810000,0.564000,0.044000,0.217000
8SFH,0.426000,0.421000,0.113000,0.035000
8SFI,0.744000,0.684000,0.097000,0.026000
8SFJ,0.540000,0.502000,0.102000,0.036000
8SFL,0.455000,0.428000,0.096000,0.025000
8SFN,0.660000,0.559000,0.090000,0.025000
8SFR,0.748000,0.604000,0.098000,0.028000
8SH5,0.589000,0.682000,0.501000,0.035000
8SQU,0.576000,0.694000,0.122000,0.012000
8SXT,0.295000,0.320000,0.284000,0.197000
8T29,0.724000,0.578000,0.713000,0.020000
8T2P,0.003000,0.005000,0.003000,0.149000
8UZA,0.645000,0.606000,0.144000,0.012000
8VFS,0.664000,0.631000,0.172000,0.010000
8VIV,0.794000,0.835000,0.050000,0.065000
8VMB,0.609000,0.540000,0.628000,0.020000
8WFA,0.188000,0.167000,0.142000,0.019000
8WRR,0.192000,0.427000,0.134000,0.011000
8WRS,0.740000,0.204000,0.155000,0.141000
8WRT,0.012000,0.041000,0.031000,0.018000
8WRU,0.185000,0.182000,0.099000,0.010000
8WRV,0.184000,0.180000,0.158000,0.138000
8WS9,0.572000,0.183000,0.163000,0.142000
8X5V,0.764000,0.700000,0.177000,0.013000
8XCC,0.234000,0.207000,0.159000,0.006000
8XTP,0.006000,0.004000,0.008000,0.003000
8XYC,0.208000,0.172000,0.196000,0.006000
8Y03,0.460000,0.396000,0.039000,0.099000
8Y04,0.875000,0.566000,0.236000,0.071000
8Y0C,0.733000,0.692000,0.172000,0.014000
8Y0D,0.727000,0.630000,0.135000,0.009000
8Y7Z,0.491000,0.631000,0.100000,0.008000
8Y9L,0.005000,0.017000,0.015000,0.010000
8Y9M,0.164000,0.093000,0.132000,0.009000
8YDC,0.462000,0.524000,0.455000,0.215000
8Z1F,0.013000,0.298000,0.015000,0.019000
8Z9K,0.030000,0.203000,0.018000,0.068000
8ZMI,0.226000,0.243000,0.253000,0.251000
8ZNJ,0.461000,0.119000,0.118000,0.008000
8ZTY,0.124000,0.016000,0.017000,0.035000
9B2K,0.376000,0.369000,0.125000,0.007000
9BXE,0.749000,0.761000,0.638000,0.571000
9C0I,0.327000,0.418000,0.020000,0.053000
9CER,0.015000,0.008000,0.017000,0.017000
9CEU,0.495000,0.208000,0.091000,0.015000
9CMP,0.435000,0.568000,0.235000,0.043000
9CPD,0.763000,0.802000,0.750000,0.808000
9CPJ,0.726000,0.749000,0.843000,0.699000
9DCF,0.026000,0.052000,0.020000,0.024000
9DIB,0.007000,0.007000,0.005000,0.010000
9DIG,0.007000,0.113000,0.008000,0.007000
9DII,0.007000,0.015000,0.007000,0.009000
9DTT,0.011000,0.009000,0.009000,0.010000
9E7G,0.282000,0.624000,0.260000,0.013000
9ENE,0.621000,0.137000,0.022000,0.246000
9FCV,0.009000,0.055000,0.025000,0.021000
9GBZ,0.191000,0.184000,0.235000,0.007000
9H82,0.010000,0.055000,0.008000,0.011000
9H83,0.156000,0.116000,0.067000,0.118000
9I8B,0.698000,0.646000,0.615000,0.641000
9IIY,0.527000,0.530000,0.208000,0.017000
9IIZ,0.216000,0.508000,0.213000,0.024000
9IJ0,0.510000,0.637000,0.240000,0.066000
9IJ1,0.235000,0.204000,0.225000,0.012000
9IJ2,0.505000,0.486000,0.425000,0.017000
9IJ3,0.598000,0.660000,0.244000,0.027000
9IJ4,0.620000,0.618000,0.244000,0.022000
9IJ5,0.617000,0.624000,0.481000,0.028000
9JSP,0.671000,0.735000,0.141000,0.022000
9KAD,0.077000,0.082000,0.081000,0.082000
9KPH,0.004000,0.005000,0.006000,0.003000
9KPO,0.010000,0.011000,0.007000,0.003000
9L6Y,0.793000,0.706000,0.199000,0.120000
9MX3,0.514000,0.262000,0.259000,0.250000
9NVU,0.113000,0.150000,0.122000,0.007000
M1209,0.487000,0.485000,0.454000,0.016000
M1293,0.639000,0.591000,0.708000,0.020000
M1296,0.615000,0.444000,0.654000,0.284000
