PDB,AF3,Boltz,Chai,HF3,NuFold,RF2NA,RhoFold+,trRosettaRNA
7Q48,0.35561,0.36425,0.27883,0.28887,0.28655,0.28749,0.28614,0.26452
7SHX,0.32506,0.31652,0.25518,0.33759,0.24279,0.24722,0.23321,0.29929
7SXP,0.22728,0.80431,0.23267,0.28698,0.22933,0.24416,0.23041,0.22547
7UCR,0.99625,0.99298,0.99346,0.99203,0.99042,0.98334,0.99026,0.96868
7UGA,0.63023,0.56306,0.5428,0.69461,0.59645,0.62319,0.59604,0.59944
7UMC,0.45085,0.62132,0.45409,0.43813,0.45235,0.6757,0.45316,0.45943
7UMD,0.46331,0.67596,0.56674,0.43884,0.49285,0.69742,0.48928,0.48569
7UME,0.79755,0.82489,0.84348,0.74248,0.82381,0.84736,0.82812,0.86687
7V06,0.67901,0.66297,0.8151,0.72802,0.56898,0.687,0.58167,0.6984
7WIA,0.56339,0.56126,0.64366,0.42177,0.65115,0.70199,0.65195,0.55495
8BTZ,0.2357,0.19877,0.47049,0.23493,0.29887,0.22216,0.27173,0.25946
8BWT,0.74355,0.7426,0.79136,0.68631,0.71581,0.72135,0.70971,0.66083
8CLR,0.94484,0.9488,0.938,0.94228,0.95014,0.94119,0.94982,0.76219
8CQ1,0.82017,0.81865,0.78133,0.81374,0.80433,0.79425,0.80582,0.78521
8FCS,0.8483,0.76724,0.78177,0.52396,0.81835,0.80042,0.81744,0.73287
8I44,0.51966,0.54547,0.52426,0.54199,0.53453,0.66508,0.575,0.65631
8ITS,0.4009,0.38735,0.43065,0.42586,0.39858,0.42511,0.39527,0.41326
8JHP,0.69356,0.67127,0.81513,0.60481,0.46193,0.72365,0.625,0.5841
8Q4O,0.23668,0.42627,0.34605,0.34386,0.29688,0.34658,0.29578,0.25911
8QO2,0.3329,0.23018,0.19474,0.21732,0.29788,0.24954,0.27838,0.26705
8QO4,0.44898,0.41516,0.26596,0.33246,0.38598,0.36761,0.38238,0.29862
8TNS,0.39987,0.33974,0.41581,0.36533,0.4488,0.29707,0.46227,0.45214
8UPT,0.83484,0.77979,0.70561,0.311,0.80752,0.61544,0.8056,0.72881
8UTG,0.18994,0.44543,0.42468,0.46931,0.27443,0.32778,0.22528,0.18838
8V1H,0.81269,0.86462,0.71244,0.80597,0.76165,0.61954,0.76055,0.75754
8VCI,0.28512,0.39719,0.34767,0.39164,0.33034,0.33436,0.32908,0.37499
8VPV,0.50801,0.53307,0.48051,0.33483,0.75719,0.57095,0.76352,0.68223
8VT5,0.92899,0.87177,0.73442,0.58877,0.76537,0.76993,0.76605,0.82223
8XZL,0.44106,0.54708,0.46094,0.41439,0.50644,0.65245,0.49786,0.47018
9BUN,0.43933,0.56481,0.58593,0.57752,0.53863,0.51857,0.50036,0.56782
9EOW,0.71519,0.73305,0.64398,0.74287,0.7258,0.69841,0.72526,0.81129
R1205,0.43255,0.42641,0.39521,0.51167,0.4358,0.44869,0.41267,0.31306
R1209,0.42342,0.32874,0.35203,0.31504,0.35382,0.35796,0.3423,0.33858
R1211,0.55239,0.51291,0.51249,0.65569,0.53318,0.3999,0.53911,0.4025
R1212,0.31693,0.25133,0.34954,0.28221,0.23784,0.24672,0.25071,0.31275
R1241,0.30908,0.3478,0.52392,0.49735,0.13532,0.09076,0.13575,0.13764
R1242,0.23199,0.2603,0.22374,0.1856,0.16069,0.15992,0.14185,0.15985
R1248,0.2389,0.18394,0.15377,0.21509,0.20619,0.16487,0.20709,0.20067
R1252,0.12095,0.12406,0.09739,0.09635,0.10561,0.1003,0.10886,0.10488
R1256,0.28305,0.36044,0.31316,0.32533,0.25359,0.30239,0.25392,0.25903
R1264,0.5069,0.65791,0.30779,0.50306,0.83891,0.90458,0.83585,0.88224
R1281,0.11172,0.09734,0.12818,0.07301,0.1003,0.07553,0.10669,0.0871
R1285,0.29751,0.232,0.21686,0.29368,0.16845,0.15516,0.18397,0.20304
R1286,0.13784,0.13207,0.10458,0.0996,0.09301,0.11952,0.10248,0.09348
R1288,0.50462,0.62076,0.44543,0.29334,0.57328,0.58769,0.56416,0.31659
R1293,0.53969,0.52578,0.37105,0.47858,0.37319,0.30874,0.40182,0.54765
R1296,0.42488,0.40894,0.38485,0.49554,0.44333,0.55098,0.44152,0.38409
