PDB_ID,Total_DockQ_Score,DockQ_Score,F1_Score,Native_chains,Model_chains,Type,Model_ID,TM_Score,ptm_x,iptm,ptm
7TZR,0.005,0.005,0.0,"X, Y","A, B","rna, rna",m_7TZR,0.4168,0.4862548472055866,0.1801718821523876,0.4862548472055866
7UIM,0.015,0.015,0.001,"B, D","A, B","rna, protein",m_7UIM,0.07984,0.1682775596412005,0.1194661926511239,0.1682775596412005
7VKL,0.372,0.372,0.35,"A, B","A, B","protein, rna",m_7VKL,0.95709,0.939561691686985,0.8470313612959661,0.939561691686985
7VSJ,0.215,0.215,0.115,"A, B","A, B","protein, rna",m_7VSJ,0.98275,0.9521740688358314,0.8589623763075176,0.9521740688358314
7VTI,0.017,0.017,0.0,"A, B","B, A","protein, rna",m_7VTI,0.15565,0.1472517826774516,0.1312807732645691,0.1472517826774516
7VTN,0.121,0.012,0.0,"A, B","A, B","protein, rna",m_7VTN,0.15613,0.2459283559311817,0.2563037504685475,0.2459283559311817
7VTN,0.121,0.032,0.0,"A, C","A, C","protein, rna",m_7VTN,0.15613,0.2459283559311817,0.2563037504685475,0.2459283559311817
7VTN,0.121,0.318,0.854,"B, C","B, C","rna, rna",m_7VTN,0.15613,0.2459283559311817,0.2563037504685475,0.2459283559311817
7YEX,0.194,0.194,0.0,"A, B","A, B","protein, rna",m_7YEX,0.98337,0.9495918676575088,0.8482908030195295,0.9495918676575088
7YEY,0.013,0.013,0.0,"A, B","A, B","protein, rna",m_7YEY,0.92142,0.91586267908172,0.7327835550685174,0.91586267908172
7YFQ,0.182,0.016,0.0,"C, A","B, C","rna, protein",m_7YFQ,0.16535,0.1721562003034569,0.1532990646787979,0.1721562003034569
7YFQ,0.182,0.027,0.011,"B, A","A, C","rna, protein",m_7YFQ,0.16535,0.1721562003034569,0.1532990646787979,0.1721562003034569
7YFQ,0.182,0.502,0.861,"B, C","A, B","rna, rna",m_7YFQ,0.16535,0.1721562003034569,0.1532990646787979,0.1721562003034569
7YFX,0.379,0.379,0.568,"A, B","A, B","protein, rna",m_7YFX,0.91245,0.7803381401449345,0.689041045730843,0.7803381401449345
7YFY,0.205,0.014,0.0,"A, C","C, B","protein, rna",m_7YFY,0.16111,0.2506994369129061,0.1518669791330956,0.2506994369129061
7YFY,0.205,0.028,0.015,"A, B","C, A","protein, rna",m_7YFY,0.16111,0.2506994369129061,0.1518669791330956,0.2506994369129061
7YFY,0.205,0.572,0.892,"C, B","B, A","rna, rna",m_7YFY,0.16111,0.2506994369129061,0.1518669791330956,0.2506994369129061
7YG6,0.026,0.026,0.0,"B, A","A, B","rna, protein",m_7YG6,0.18411,0.1729714634721158,0.144121909381915,0.1729714634721158
7YGN,0.331,0.331,0.712,"A, B","A, B","protein, rna",m_7YGN,0.90724,0.8812239801150102,0.7658388263702626,0.8812239801150102
8D49,0.017,0.017,0.012,"A, B","A, B","protein, rna",m_8D49,0.17585,0.2297180897237415,0.1713755754811212,0.2297180897237415
8D4B,0.144,0.029,0.007,"A, B","C, B","protein, rna",m_8D4B,0.13387,0.1721828054053664,0.176326575029084,0.1721828054053664
8D4B,0.144,0.031,0.027,"A, C","C, A","protein, rna",m_8D4B,0.13387,0.1721828054053664,0.176326575029084,0.1721828054053664
8D4B,0.144,0.371,0.927,"B, C","B, A","rna, rna",m_8D4B,0.13387,0.1721828054053664,0.176326575029084,0.1721828054053664
8D71,0.651,0.651,0.857,"A, B","A, B","protein, rna",m_8D71,0.86209,0.9402427214006304,0.8622120699863911,0.9402427214006304
8E29,0.389,0.389,0.706,"A, B","A, B","protein, rna",m_8E29,0.9316,0.8469373349795354,0.6956805169280447,0.8469373349795354
8E2A,0.018,0.018,0.0,"A, B","B, A","protein, rna",m_8E2A,0.1925,0.1840456380172659,0.225534341159493,0.1840456380172659
8EYU,0.08,0.08,0.043,"B, A","A, B","rna, rna",m_8EYU,0.38773,0.5156255014170751,0.3873458348792599,0.5156255014170751
8FTI,0.009,0.009,0.004,"A, B","A, B","protein, rna",m_8FTI,0.149,0.1851005483575824,0.1434791748390199,0.1851005483575824
8HBA,0.014,0.014,0.0,"A, B","A, B","rna, rna",m_8HBA,0.24306,0.1294505423251709,0.0609745694148968,0.1294505423251709
8HZJ,0.012,0.012,0.0,"A, B","B, A","rna, rna",m_8HZJ,0.24659,0.3745184376300797,0.391857792537991,0.3745184376300797
8HZL,0.011,0.011,0.0,"A, B","B, A","rna, rna",m_8HZL,0.13692,0.1397018746966272,0.0687114961274834,0.1397018746966272
8ID2,0.256,0.18,0.222,"C, D","C, D","rna, rna",m_8ID2,0.52902,0.467977845298163,0.3714740949343981,0.467977845298163
8ID2,0.256,0.267,0.296,"A, C","A, C","protein, rna",m_8ID2,0.52902,0.467977845298163,0.3714740949343981,0.467977845298163
8ID2,0.256,0.321,0.327,"B, D","B, D","protein, rna",m_8ID2,0.52902,0.467977845298163,0.3714740949343981,0.467977845298163
8K0P,0.003,0.003,0.0,"A, C","B, A","rna, rna",m_8K0P,0.06058,0.1501271320203758,0.1271184915995026,0.1501271320203758
8K34,0.598,0.333,0.0,"A, C","A, C","protein, rna",m_8K34,0.8814,0.9186402601848278,0.8896913385885707,0.9186402601848278
8K34,0.598,0.625,0.768,"A, B","A, B","protein, protein",m_8K34,0.8814,0.9186402601848278,0.8896913385885707,0.9186402601848278
8K34,0.598,0.837,0.857,"B, C","B, C","protein, rna",m_8K34,0.8814,0.9186402601848278,0.8896913385885707,0.9186402601848278
8KGF,0.042,0.042,0.04,"A, G","A, B","protein, rna",m_8KGF,0.54264,0.8489602222777483,0.2522316198561443,0.8489602222777483
8KI8,0.066,0.066,0.08,"A, E","B, A","protein, rna",m_8KI8,0.08713,0.1884906838160061,0.2222879124445097,0.1884906838160061
8SA3,0.117,0.117,0.015,"A, B","A, B","rna, rna",m_8SA3,0.24356,0.3572890122469063,0.1287004359714779,0.3572890122469063
8SJ7,0.852,0.852,0.93,"A, B","A, B","protein, rna",m_8SJ7,0.98209,0.9119016724547424,0.9551681865569576,0.9119016724547424
8SXL,0.904,0.904,1.0,"A, B","A, B","rna, rna",m_8SXL,0.78956,0.6098328805346297,0.5875122585527888,0.6098328805346297
8THQ,0.717,0.413,0.0,"A, S","B, C","protein, rna",m_8THQ,0.74763,0.8609090740749861,0.838061020822896,0.8609090740749861
8THQ,0.717,0.625,0.746,"A, R","B, D","protein, rna",m_8THQ,0.74763,0.8609090740749861,0.838061020822896,0.8609090740749861
8THQ,0.717,0.797,0.875,"R, S","D, C","rna, rna",m_8THQ,0.74763,0.8609090740749861,0.838061020822896,0.8609090740749861
8THQ,0.717,0.809,0.848,"S, B","C, A","rna, protein",m_8THQ,0.74763,0.8609090740749861,0.838061020822896,0.8609090740749861
8THQ,0.717,0.94,1.0,"R, B","D, A","rna, protein",m_8THQ,0.74763,0.8609090740749861,0.838061020822896,0.8609090740749861
8TQX,0.777,0.777,0.959,"A, D","A, B","rna, rna",m_8TQX,0.91588,0.6111184811866148,0.5976299389404194,0.6111184811866148
8TSV,0.188,0.188,0.646,"C, D","C, B","rna, rna",m_8TSV,0.50958,0.3864319877685114,0.3232819130585689,0.3864319877685114
8UO6,0.003,0.003,0.0,"A, B","B, A","rna, rna",m_8UO6,0.27399,0.3951966933925421,0.1670983101658703,0.3951966933925421
8VAJ,0.504,0.454,0.625,"A, F","A, C","protein, rna",m_8VAJ,0.80397,0.8963304844505063,0.7957722502281098,0.8963304844505063
8VAJ,0.504,0.501,0.795,"A, E","A, B","protein, rna",m_8VAJ,0.80397,0.8963304844505063,0.7957722502281098,0.8963304844505063
8VAJ,0.504,0.556,0.927,"E, F","B, C","rna, rna",m_8VAJ,0.80397,0.8963304844505063,0.7957722502281098,0.8963304844505063
8WCE,0.147,0.012,0.0,"A, T","A, C","protein, rna",m_8WCE,0.10952,0.1800607171400489,0.1571019166780735,0.1800607171400489
8WCE,0.147,0.016,0.014,"A, G","A, B","protein, rna",m_8WCE,0.10952,0.1800607171400489,0.1571019166780735,0.1800607171400489
8WCE,0.147,0.415,0.902,"G, T","B, C","rna, rna",m_8WCE,0.10952,0.1800607171400489,0.1571019166780735,0.1800607171400489
8WCS,0.025,0.025,0.03,"A, G","A, B","protein, rna",m_8WCS,0.12301,0.1769247377179755,0.152766716953814,0.1769247377179755
9CPI,0.636,0.636,0.97,"A, B","A, B","rna, rna",m_9CPI,0.63564,0.4214048564532628,0.3835964996569119,0.4214048564532628
M1209,0.484,0.336,0.951,"A, 0","A, C","protein, rna",m_M1209,0.57029,0.9007599206897936,0.8542331067962106,0.9007599206897936
M1209,0.484,0.533,1.0,"B, 0","B, C","protein, rna",m_M1209,0.57029,0.9007599206897936,0.8542331067962106,0.9007599206897936
M1209,0.484,0.582,0.908,"A, B","A, B","protein, protein",m_M1209,0.57029,0.9007599206897936,0.8542331067962106,0.9007599206897936
M1211,0.017,0.009,0.0,"B, 0","B, C","protein, rna",m_M1211,0.46532,0.7752348658335533,0.6650086006983861,0.7752348658335533
M1211,0.017,0.016,0.0,"A, 0","A, C","protein, rna",m_M1211,0.46532,0.7752348658335533,0.6650086006983861,0.7752348658335533
M1211,0.017,0.026,0.0,"A, B","A, B","protein, protein",m_M1211,0.46532,0.7752348658335533,0.6650086006983861,0.7752348658335533
M1282,0.006,0.006,0.0,"1, B","A, B","rna, protein",m_M1282,0.19226,0.2582783078050201,0.1627249651652916,0.2582783078050201
M1293,0.691,0.605,0.921,"A, 1","A, C","protein, rna",m_M1293,0.8931,0.9154500627274746,0.8819213761967051,0.9154500627274746
M1293,0.691,0.615,1.0,"B, 1","B, C","protein, rna",m_M1293,0.8931,0.9154500627274746,0.8819213761967051,0.9154500627274746
M1293,0.691,0.854,0.86,"A, B","A, B","protein, protein",m_M1293,0.8931,0.9154500627274746,0.8819213761967051,0.9154500627274746
M1296,0.634,0.59,1.0,"B, 0","B, C","protein, rna",m_M1296,0.76302,0.8976195047508528,0.8489455689871058,0.8976195047508528
M1296,0.634,0.608,0.933,"A, 0","A, C","protein, rna",m_M1296,0.76302,0.8976195047508528,0.8489455689871058,0.8976195047508528
M1296,0.634,0.705,0.84,"A, B","A, B","protein, protein",m_M1296,0.76302,0.8976195047508528,0.8489455689871058,0.8976195047508528
R1281o,0.025,0.025,0.0,"0, 1","A, B","rna, rna",m_R1281o,0.02068,0.1533229316374334,0.1415171917912901,0.1533229316374334
R1283v2,0.09,0.062,0.001,"0, 3","B, D","rna, rna",m_R1283v2,0.01926,0.198010185135253,0.1923269800231283,0.198010185135253
R1283v2,0.09,0.063,0.002,"1, 2","C, A","rna, rna",m_R1283v2,0.01926,0.198010185135253,0.1923269800231283,0.198010185135253
R1283v2,0.09,0.118,0.001,"0, 1","B, C","rna, rna",m_R1283v2,0.01926,0.198010185135253,0.1923269800231283,0.198010185135253
R1283v2,0.09,0.118,0.003,"2, 3","A, D","rna, rna",m_R1283v2,0.01926,0.198010185135253,0.1923269800231283,0.198010185135253
 