PDB_ID,Total_DockQ_Score,DockQ_Score,F1_Score,Native_chains,Model_chains,Type,Model_ID,TM_Score,ptm,iptm
7TZR,0.09,0.09,0.083,"X, Y","B, A","rna, rna",m_7TZR,0.45935,0.351157009601593,0.0742967203259468
7UIM,0.008,0.008,0.0,"B, D","A, B","rna, protein",m_7UIM,0.40669,0.4426561295986175,0.3317579925060272
7VSJ,0.079,0.079,0.0,"A, B","A, B","protein, rna",m_7VSJ,0.96953,0.9064844250679016,0.429188072681427
7VTI,0.014,0.014,0.0,"A, B","B, A","protein, rna",m_7VTI,0.25592,0.3798375725746155,0.2108342796564102
7VTN,0.154,0.034,0.0,"A, C","A, C","protein, rna",m_7VTN,0.21143,0.4111723601818084,0.2646515071392059
7VTN,0.154,0.037,0.0,"A, B","A, B","protein, rna",m_7VTN,0.21143,0.4111723601818084,0.2646515071392059
7VTN,0.154,0.39,0.925,"B, C","B, C","rna, rna",m_7VTN,0.21143,0.4111723601818084,0.2646515071392059
7YEX,0.539,0.539,0.914,"A, B","A, B","protein, rna",m_7YEX,0.97217,0.9266405701637268,0.6834907531738281
7YEY,0.014,0.014,0.0,"A, B","A, B","protein, rna",m_7YEY,0.92527,0.934634268283844,0.7357795834541321
7YFQ,0.595,0.541,0.516,"C, A","B, C","rna, protein",m_7YFQ,0.8052,0.854319155216217,0.4570394158363342
7YFQ,0.595,0.575,0.616,"B, A","A, C","rna, protein",m_7YFQ,0.8052,0.854319155216217,0.4570394158363342
7YFQ,0.595,0.669,0.883,"B, C","A, B","rna, rna",m_7YFQ,0.8052,0.854319155216217,0.4570394158363342
7YFX,0.313,0.313,0.503,"A, B","A, B","protein, rna",m_7YFX,0.80124,0.6931871771812439,0.6294139623641968
7YFY,0.554,0.425,0.434,"A, B","B, A","protein, rna",m_7YFY,0.76816,0.8687465786933899,0.664727509021759
7YFY,0.554,0.528,0.45,"A, C","B, C","protein, rna",m_7YFY,0.76816,0.8687465786933899,0.664727509021759
7YFY,0.554,0.707,0.946,"C, B","C, A","rna, rna",m_7YFY,0.76816,0.8687465786933899,0.664727509021759
7YG6,0.275,0.275,0.772,"B, A","A, B","rna, protein",m_7YG6,0.87001,0.8341082334518433,0.6044778823852539
7YGN,0.659,0.659,0.81,"A, B","A, B","protein, rna",m_7YGN,0.79798,0.8678115606307983,0.8294801115989685
8D49,0.208,0.208,0.409,"A, B","A, B","protein, rna",m_8D49,0.58886,0.6896071434020996,0.7400681376457214
8D4B,0.191,0.016,0.0,"A, C","B, A","protein, rna",m_8D4B,0.45217,0.6713274121284485,0.267684131860733
8D4B,0.191,0.135,0.368,"A, B","B, C","protein, rna",m_8D4B,0.45217,0.6713274121284485,0.267684131860733
8D4B,0.191,0.423,0.813,"B, C","C, A","rna, rna",m_8D4B,0.45217,0.6713274121284485,0.267684131860733
8D71,0.709,0.709,0.854,"A, B","A, B","protein, rna",m_8D71,0.88478,0.931994080543518,0.9048861265182496
8E29,0.257,0.257,0.406,"A, B","A, B","protein, rna",m_8E29,0.88257,0.8109298348426819,0.6949436664581299
8E2A,0.367,0.367,0.636,"A, B","B, A","protein, rna",m_8E2A,0.67371,0.7649268507957458,0.592327892780304
8EYU,0.096,0.096,0.118,"B, A","B, A","rna, rna",m_8EYU,0.3085,0.2318761348724365,0.0566768012940883
8FTI,0.031,0.031,0.034,"A, B","A, B","protein, rna",m_8FTI,0.20152,0.4732853770256042,0.1381149142980575
8HBA,0.02,0.02,0.0,"A, B","A, B","rna, rna",m_8HBA,0.21325,0.179660364985466,0.1178952902555465
8HZJ,0.01,0.01,0.0,"A, B","A, B","rna, rna",m_8HZJ,0.25515,0.197760209441185,0.0867884680628776
8HZL,0.014,0.014,0.0,"A, B","B, A","rna, rna",m_8HZL,0.09528,0.1489180475473404,0.0632266029715538
8ID2,0.053,0.026,0.0,"C, D","C, D","rna, rna",m_8ID2,0.39587,0.3839269876480102,0.1001369133591651
8ID2,0.053,0.059,0.049,"A, C","A, C","protein, rna",m_8ID2,0.39587,0.3839269876480102,0.1001369133591651
8ID2,0.053,0.072,0.068,"B, D","B, D","protein, rna",m_8ID2,0.39587,0.3839269876480102,0.1001369133591651
8K0P,0.002,0.002,0.0,"A, C","B, A","rna, rna",m_8K0P,0.08167,0.1762508302927017,0.1269163191318512
8K34,0.522,0.262,0.0,"A, C","A, C","protein, rna",m_8K34,0.92551,0.8626225590705872,0.7859127521514893
8K34,0.522,0.599,0.553,"B, C","B, C","protein, rna",m_8K34,0.92551,0.8626225590705872,0.7859127521514893
8K34,0.522,0.705,0.784,"A, B","A, B","protein, protein",m_8K34,0.92551,0.8626225590705872,0.7859127521514893
8KGF,0.615,0.615,0.719,"A, G","A, B","protein, rna",m_8KGF,0.60039,0.8241116404533386,0.8829121589660645
8KI8,0.016,0.016,0.0,"A, E","B, A","protein, rna",m_8KI8,0.60179,0.756610631942749,0.5329864025115967
8SA3,0.178,0.178,0.209,"A, B","A, B","rna, rna",m_8SA3,0.16904,0.1873457580804824,0.1062863320112228
8SJ7,0.766,0.766,0.887,"A, B","A, B","protein, rna",m_8SJ7,0.9697,0.9201095104217528,0.969597339630127
8SXL,0.928,0.928,1.0,"A, B","B, A","rna, rna",m_8SXL,0.97741,0.5328493714332581,0.5054562091827393
8THQ,0.357,0.219,0.2,"R, B","D, A","rna, protein",m_8THQ,0.55087,0.5541441440582275,0.4416230022907257
8THQ,0.357,0.29,0.429,"A, S","B, C","protein, rna",m_8THQ,0.55087,0.5541441440582275,0.4416230022907257
8THQ,0.357,0.376,0.721,"S, B","C, A","rna, protein",m_8THQ,0.55087,0.5541441440582275,0.4416230022907257
8THQ,0.357,0.401,0.754,"A, R","B, D","protein, rna",m_8THQ,0.55087,0.5541441440582275,0.4416230022907257
8THQ,0.357,0.499,0.688,"R, S","D, C","rna, rna",m_8THQ,0.55087,0.5541441440582275,0.4416230022907257
8TQX,0.801,0.801,0.979,"A, D","B, A","rna, rna",m_8TQX,0.92615,0.5279990434646606,0.5204576253890991
8TSV,0.646,0.646,0.961,"C, D","A, B","rna, rna",m_8TSV,0.72172,0.3165319859981537,0.2096834927797317
8UO6,0.005,0.005,0.0,"A, B","B, A","rna, rna",m_8UO6,0.31091,0.292390763759613,0.0636387318372726
8VAJ,0.567,0.518,0.798,"A, E","A, B","protein, rna",m_8VAJ,0.85251,0.9085420966148376,0.8681968450546265
8VAJ,0.567,0.565,0.927,"E, F","B, C","rna, rna",m_8VAJ,0.85251,0.9085420966148376,0.8681968450546265
8VAJ,0.567,0.617,0.613,"A, F","A, C","protein, rna",m_8VAJ,0.85251,0.9085420966148376,0.8681968450546265
8WCE,0.151,0.014,0.0,"A, T","A, C","protein, rna",m_8WCE,0.21868,0.3733806908130646,0.2541795372962951
8WCE,0.151,0.022,0.027,"A, G","A, B","protein, rna",m_8WCE,0.21868,0.3733806908130646,0.2541795372962951
8WCE,0.151,0.417,0.86,"G, T","B, C","rna, rna",m_8WCE,0.21868,0.3733806908130646,0.2541795372962951
8WCS,0.018,0.018,0.006,"A, G","A, B","protein, rna",m_8WCS,0.18701,0.3621166944503784,0.3117431998252868
9CPI,0.667,0.667,0.97,"A, B","A, B","rna, rna",m_9CPI,0.71623,0.4040186107158661,0.3661563694477081
M1209,0.471,0.353,0.892,"A, 0","A, C","protein, rna",m_M1209,0.61837,0.8156029582023621,0.7675062417984009
M1209,0.471,0.44,0.571,"B, 0","B, C","protein, rna",m_M1209,0.61837,0.8156029582023621,0.7675062417984009
M1209,0.471,0.621,0.922,"A, B","A, B","protein, protein",m_M1209,0.61837,0.8156029582023621,0.7675062417984009
M1211,0.071,0.071,0.0,"A, 0","A, B","protein, rna",m_M1211,0.44291,0.6762232184410095,0.171913132071495
M1282,0.043,0.043,0.062,"1, B","A, B","rna, protein",m_M1282,0.80043,0.7692794799804688,0.0995265915989875
M1293,0.619,0.499,0.727,"B, 1","B, C","protein, rna",m_M1293,0.84569,0.8363977074623108,0.8000845909118652
M1293,0.619,0.518,0.923,"A, 1","A, C","protein, rna",m_M1293,0.84569,0.8363977074623108,0.8000845909118652
M1293,0.619,0.841,0.861,"A, B","A, B","protein, protein",m_M1293,0.84569,0.8363977074623108,0.8000845909118652
M1296,0.465,0.286,0.4,"B, 0","B, C","protein, rna",m_M1296,0.716,0.8111791610717773,0.7574548125267029
M1296,0.465,0.422,0.806,"A, 0","A, C","protein, rna",m_M1296,0.716,0.8111791610717773,0.7574548125267029
M1296,0.465,0.688,0.857,"A, B","A, B","protein, protein",m_M1296,0.716,0.8111791610717773,0.7574548125267029
R1281o,0.002,0.002,0.0,"0, 1","A, B","rna, rna",m_R1281o,0.04237,0.1984260082244873,0.1348050385713577
