PDB_ID,Total_DockQ_Score,DockQ_Score,F1_Score,Native_chains,Model_chains,Type,TM_Score,iptm,ptm
7DA7,0.13,0.024,0.085,"A, C","B, C","protein, rna",0.62719,0.1828777971220043,0.4800115780326009
7DA7,0.13,0.035,0.064,"B, C","A, C","protein, rna",0.62719,0.1828777971220043,0.4800115780326009
7DA7,0.13,0.33,0.536,"A, B","B, A","protein, protein",0.62719,0.1828777971220043,0.4800115780326009
7ECJ,0.823,0.823,1.0,"A, B","A, B","rna, rna",0.37352,0.5358214746420784,0.5646766943366899
7ECK,0.804,0.804,0.926,"A, B","A, B","rna, rna",0.34593,0.5454654093011522,0.5746820181697219
7P0V,0.078,0.078,0.05,"A, B","B, A","protein, rna",0.32433,0.1152730887251261,0.2196323628484957
7PDU,0.213,0.213,0.585,"A, B","A, B","dna, rna",0.18779,0.5853302585507627,0.5471555924853482
7PMM,0.018,0.005,0.0,"A, C","C, B","protein, rna",0.17282,0.1287555441231463,0.235725970236578
7PMM,0.018,0.005,0.0,"B, D","D, A","protein, rna",0.17282,0.1287555441231463,0.235725970236578
7PMM,0.018,0.028,0.041,"A, D","C, A","protein, rna",0.17282,0.1287555441231463,0.235725970236578
7PMM,0.018,0.032,0.047,"B, C","D, B","protein, rna",0.17282,0.1287555441231463,0.235725970236578
7QR3,0.052,0.009,0.0,"C, D","B, A","rna, rna",0.25644,0.1501605010334968,0.3110662390380747
7QR3,0.052,0.01,0.0,"A, C","C, B","protein, rna",0.25644,0.1501605010334968,0.3110662390380747
7QR3,0.052,0.01,0.0,"B, D","D, A","protein, rna",0.25644,0.1501605010334968,0.3110662390380747
7QR3,0.052,0.114,0.278,"B, C","D, B","protein, rna",0.25644,0.1501605010334968,0.3110662390380747
7QR3,0.052,0.115,0.286,"A, D","C, A","protein, rna",0.25644,0.1501605010334968,0.3110662390380747
7QR4,0.07,0.07,0.152,"A, B","B, A","protein, rna",0.35405,0.2888961466796655,0.3790535416217168
7SC6,0.252,0.007,0.0,"B, C","A, C","protein, rna",0.78353,0.638568360849653,0.7337272437530308
7SC6,0.252,0.008,0.0,"A, C","B, C","protein, rna",0.78353,0.638568360849653,0.7337272437530308
7SC6,0.252,0.74,0.742,"A, B","B, A","protein, protein",0.78353,0.638568360849653,0.7337272437530308
7SCQ,0.229,0.02,0.0,"B, C","B, C","protein, rna",0.80694,0.6430604518156244,0.7370136421324265
7SCQ,0.229,0.027,0.044,"A, C","A, C","protein, rna",0.80694,0.6430604518156244,0.7370136421324265
7SCQ,0.229,0.641,0.662,"A, B","A, B","protein, protein",0.80694,0.6430604518156244,0.7370136421324265
7TNX,0.307,0.06,0.0,"A, C","C, A","protein, rna",0.25868,0.1539281196584405,0.2034065113138464
7TNX,0.307,0.061,0.017,"A, B","C, B","protein, rna",0.25868,0.1539281196584405,0.2034065113138464
7TNX,0.307,0.799,0.983,"B, C","B, A","rna, rna",0.25868,0.1539281196584405,0.2034065113138464
7TNY,0.3,0.018,0.0,"A, C","C, A","protein, rna",0.2446,0.1585201232674279,0.215920549768263
7TNY,0.3,0.034,0.026,"A, B","C, B","protein, rna",0.2446,0.1585201232674279,0.215920549768263
7TNY,0.3,0.847,1.0,"B, C","B, A","rna, rna",0.2446,0.1585201232674279,0.215920549768263
7TO0,0.595,0.547,0.929,"B, C","C, B","rna, rna",0.97961,0.5072436915274692,0.6899247187648163
7TO0,0.595,0.577,0.75,"A, B","A, C","protein, rna",0.97961,0.5072436915274692,0.6899247187648163
7TO0,0.595,0.663,0.853,"A, C","A, B","protein, rna",0.97961,0.5072436915274692,0.6899247187648163
7TO1,0.029,0.029,0.0,"A, B","B, A","protein, rna",0.24711,0.1676331496302744,0.2150574963371191
7TO2,0.008,0.008,0.0,"A, B","A, B","protein, rna",0.91718,0.7044495752843218,0.7217305824388938
7U2A,0.326,0.044,0.0,"C, A","C, B","rna, protein",0.95207,0.8554916999169041,0.8798478014643625
7U2A,0.326,0.077,0.158,"C, B","C, A","rna, protein",0.95207,0.8554916999169041,0.8798478014643625
7U2A,0.326,0.856,0.84,"A, B","B, A","protein, protein",0.95207,0.8554916999169041,0.8798478014643625
7UIM,0.007,0.007,0.0,"B, D","B, A","rna, protein",0.48037,0.7036993132098133,0.5036671366582733
7UR5,0.114,0.003,0.0,"v, w","A, C","rna, rna",0.27816,0.1632421715508277,0.3217891522184594
7UR5,0.114,0.226,0.8,"v, y","A, B","rna, rna",0.27816,0.1632421715508277,0.3217891522184594
7UU3,0.155,0.036,0.0,"A, D","D, A","protein, rna",0.41843,0.14837269026967,0.2934698146824362
7UU3,0.155,0.047,0.0,"A, C","D, B","protein, rna",0.41843,0.14837269026967,0.2934698146824362
7UU3,0.155,0.047,0.0,"B, C","C, B","protein, rna",0.41843,0.14837269026967,0.2934698146824362
7UU3,0.155,0.048,0.0,"B, D","C, A","protein, rna",0.41843,0.14837269026967,0.2934698146824362
7UU3,0.155,0.598,0.927,"C, D","B, A","rna, rna",0.41843,0.14837269026967,0.2934698146824362
7V94,0.096,0.009,0.0,"B, C","C, B","rna, dna",0.26342,0.1468164389732689,0.1888491347947153
7V94,0.096,0.011,0.0,"A, B","D, C","protein, rna",0.26342,0.1468164389732689,0.1888491347947153
7V94,0.096,0.013,0.0,"A, D","D, A","protein, dna",0.26342,0.1468164389732689,0.1888491347947153
7V94,0.096,0.018,0.0,"A, C","D, B","protein, dna",0.26342,0.1468164389732689,0.1888491347947153
7V94,0.096,0.428,0.78,"C, D","B, A","dna, dna",0.26342,0.1468164389732689,0.1888491347947153
7XJZ,0.283,0.283,0.463,"A, B","A, B","protein, rna",0.87286,0.7620868069675671,0.751922174455858
7YFQ,0.17,0.014,0.012,"B, A","C, A","rna, protein",0.94417,0.6023292918015484,0.8498894969404667
7YFQ,0.17,0.033,0.017,"C, A","B, A","rna, protein",0.94417,0.6023292918015484,0.8498894969404667
7YFQ,0.17,0.462,0.873,"B, C","C, B","rna, rna",0.94417,0.6023292918015484,0.8498894969404667
7YFX,0.048,0.048,0.049,"A, B","B, A","protein, rna",0.32918,0.1588746727048095,0.2010984990004323
7YFY,0.223,0.022,0.03,"A, C","C, B","protein, rna",0.21376,0.1629596130479544,0.2600795825616031
7YFY,0.223,0.024,0.018,"A, B","C, A","protein, rna",0.21376,0.1629596130479544,0.2600795825616031
7YFY,0.223,0.622,0.883,"C, B","B, A","rna, rna",0.21376,0.1629596130479544,0.2600795825616031
7YG6,0.368,0.368,0.748,"B, A","B, A","rna, protein",0.92061,0.5740975049821913,0.8530587672941148
7YGN,0.024,0.024,0.0,"A, B","B, A","protein, rna",0.2671,0.1454144162641202,0.2022362011477239
7YOJ,0.154,0.007,0.0,"A, B","D, C","protein, rna",0.17996,0.1392077029113096,0.1670447249682752
7YOJ,0.154,0.007,0.0,"A, C","D, A","protein, dna",0.17996,0.1392077029113096,0.1670447249682752
7YOJ,0.154,0.01,0.0,"A, D","D, B","protein, dna",0.17996,0.1392077029113096,0.1670447249682752
7YOJ,0.154,0.291,0.837,"D, B","B, C","dna, rna",0.17996,0.1392077029113096,0.1670447249682752
7YOJ,0.154,0.454,0.875,"C, D","A, B","dna, dna",0.17996,0.1392077029113096,0.1670447249682752
8AF0,0.134,0.01,0.0,"A, B","A, B","protein, protein",0.47859,0.239060570487412,0.5051429016259041
8AF0,0.134,0.011,0.0,"D, A","D, A","rna, protein",0.47859,0.239060570487412,0.5051429016259041
8AF0,0.134,0.014,0.0,"C, A","C, A","rna, protein",0.47859,0.239060570487412,0.5051429016259041
8AF0,0.134,0.035,0.0,"D, B","D, B","rna, protein",0.47859,0.239060570487412,0.5051429016259041
8AF0,0.134,0.037,0.0,"C, B","C, B","rna, protein",0.47859,0.239060570487412,0.5051429016259041
8AF0,0.134,0.699,0.938,"C, D","C, D","rna, rna",0.47859,0.239060570487412,0.5051429016259041
8B9K,0.006,0.006,0.0,"A, B","B, A","protein, rna",0.23704,0.1918461993016934,0.1871794274121057
8CTI,0.012,0.004,0.0,"B, C","B, C","protein, rna",0.11586,0.837244945279427,0.858823978138086
8CTI,0.012,0.008,0.0,"A, B","A, B","protein, protein",0.11586,0.837244945279427,0.858823978138086
8CTI,0.012,0.023,0.0,"A, C","A, C","protein, rna",0.11586,0.837244945279427,0.858823978138086
8D9G,0.073,0.004,0.0,"A, B","D, C","protein, protein",0.21521,0.1792227501475391,0.2062419371102343
8D9G,0.073,0.008,0.0,"A, D","D, A","protein, rna",0.21521,0.1792227501475391,0.2062419371102343
8D9G,0.073,0.012,0.0,"B, D","C, A","protein, rna",0.21521,0.1792227501475391,0.2062419371102343
8D9G,0.073,0.017,0.024,"B, C","C, B","protein, rna",0.21521,0.1792227501475391,0.2062419371102343
8D9G,0.073,0.325,0.537,"C, D","B, A","rna, rna",0.21521,0.1792227501475391,0.2062419371102343
8DC2,0.179,0.01,0.0,"A, D","D, A","protein, dna",0.21237,0.131909863977842,0.1767919789814511
8DC2,0.179,0.017,0.0,"A, C","D, B","protein, dna",0.21237,0.131909863977842,0.1767919789814511
8DC2,0.179,0.023,0.008,"A, B","D, C","protein, rna",0.21237,0.131909863977842,0.1767919789814511
8DC2,0.179,0.314,0.771,"B, C","C, B","rna, dna",0.21237,0.131909863977842,0.1767919789814511
8DC2,0.179,0.529,1.0,"C, D","B, A","dna, dna",0.21237,0.131909863977842,0.1767919789814511
8DMB,0.176,0.01,0.0,"P, X","A, B","protein, dna",0.59474,0.38532674085342,0.4706116311529477
8DMB,0.176,0.01,0.0,"P, Y","A, C","protein, dna",0.59474,0.38532674085342,0.4706116311529477
8DMB,0.176,0.062,0.098,"P, W","A, D","protein, rna",0.59474,0.38532674085342,0.4706116311529477
8DMB,0.176,0.247,0.792,"W, X","D, B","rna, dna",0.59474,0.38532674085342,0.4706116311529477
8DMB,0.176,0.548,0.982,"X, Y","B, C","dna, dna",0.59474,0.38532674085342,0.4706116311529477
8DVR,0.046,0.046,0.012,"A, B","B, A","protein, rna",0.33038,0.1746347231168249,0.229005804007277
8DVS,0.033,0.033,0.015,"A, B","B, A","protein, rna",0.21688,0.1678860205894647,0.2179461963399979
8E28,0.039,0.039,0.014,"A, C","B, A","protein, rna",0.27198,0.1995092879613145,0.1788515068253189
8E29,0.351,0.351,0.649,"A, B","A, B","protein, rna",0.95899,0.6180025689463117,0.8390886816946785
8E2A,0.05,0.05,0.049,"A, B","B, A","protein, rna",0.23854,0.2182402583914874,0.1795682982493125
8FTI,0.013,0.013,0.012,"A, B","B, A","protein, rna",0.22863,0.1162936570172687,0.1553005938207468
8GZP,0.005,0.005,0.0,"A, S","B, A","protein, rna",0.23755,0.1842541525119427,0.2294150889175483
8GZR,0.02,0.006,0.0,"B, C","B, A","protein, rna",0.30916,0.1524815532233132,0.2007702386694112
8GZR,0.02,0.018,0.0,"A, B","C, B","protein, protein",0.30916,0.1524815532233132,0.2007702386694112
8GZR,0.02,0.034,0.031,"A, C","C, A","protein, rna",0.30916,0.1524815532233132,0.2007702386694112
8H1B,0.046,0.016,0.0,"A, D","D, A","protein, rna",0.36195,0.1681848002295504,0.2780665058998774
8H1B,0.046,0.016,0.0,"B, C","C, B","protein, rna",0.36195,0.1681848002295504,0.2780665058998774
8H1B,0.046,0.049,0.0,"A, B","D, C","protein, protein",0.36195,0.1681848002295504,0.2780665058998774
8H1B,0.046,0.068,0.031,"B, D","C, A","protein, rna",0.36195,0.1681848002295504,0.2780665058998774
8H1B,0.046,0.081,0.062,"A, C","D, B","protein, rna",0.36195,0.1681848002295504,0.2780665058998774
8H1J,0.101,0.012,0.0,"A, B","D, C","protein, rna",0.21971,0.1061599174380637,0.1631725918392059
8H1J,0.101,0.013,0.0,"A, D","D, A","protein, dna",0.21971,0.1061599174380637,0.1631725918392059
8H1J,0.101,0.013,0.0,"C, B","B, C","dna, rna",0.21971,0.1061599174380637,0.1631725918392059
8H1J,0.101,0.016,0.0,"A, C","D, B","protein, dna",0.21971,0.1061599174380637,0.1631725918392059
8H1J,0.101,0.452,0.964,"C, D","B, A","dna, dna",0.21971,0.1061599174380637,0.1631725918392059
8HB1,0.413,0.413,0.658,"A, B","B, A","rna, rna",0.21682,0.605926219121472,0.617350200145803
8HB3,0.378,0.378,0.671,"A, B","B, A","rna, rna",0.24865,0.6250581080593979,0.6282648806079894
8HBA,0.007,0.007,0.0,"A, B","A, B","rna, rna",0.2041,0.0524667079267199,0.2581563902555505
8HIO,0.025,0.007,0.0,"A, D","B, A","protein, protein",0.703,0.1700576004643262,0.5145595132403683
8HIO,0.025,0.025,0.008,"B, A","C, B","rna, protein",0.703,0.1700576004643262,0.5145595132403683
8HIO,0.025,0.045,0.044,"B, D","C, A","rna, protein",0.703,0.1700576004643262,0.5145595132403683
8HKE,0.134,0.007,0.004,"B, A","C, D","protein, protein",0.1954,0.1916155225892524,0.2584007232998807
8HKE,0.134,0.015,0.0,"A, C","D, B","protein, rna",0.1954,0.1916155225892524,0.2584007232998807
8HKE,0.134,0.015,0.0,"A, D","D, A","protein, rna",0.1954,0.1916155225892524,0.2584007232998807
8HKE,0.134,0.498,0.843,"C, D","B, A","rna, rna",0.1954,0.1916155225892524,0.2584007232998807
8HNT,0.015,0.004,0.0,"A, C","A, B","protein, protein",0.76499,0.4496640665742984,0.7221583212382034
8HNT,0.015,0.004,0.0,"B, C","C, B","rna, protein",0.76499,0.4496640665742984,0.7221583212382034
8HNT,0.015,0.038,0.055,"A, B","A, C","protein, rna",0.76499,0.4496640665742984,0.7221583212382034
8HNW,0.173,0.008,0.003,"A, B","D, C","protein, rna",0.23096,0.1467064275568198,0.187999237754631
8HNW,0.173,0.026,0.042,"A, C","D, B","protein, dna",0.23096,0.1467064275568198,0.187999237754631
8HNW,0.173,0.039,0.0,"A, D","D, A","protein, dna",0.23096,0.1467064275568198,0.187999237754631
8HNW,0.173,0.314,0.918,"B, C","C, B","rna, dna",0.23096,0.1467064275568198,0.187999237754631
8HNW,0.173,0.478,0.935,"C, D","B, A","dna, dna",0.23096,0.1467064275568198,0.187999237754631
8HUD,0.174,0.021,0.012,"A, C","D, B","protein, dna",0.20313,0.1414524210606975,0.2039717460104778
8HUD,0.174,0.031,0.083,"A, D","D, A","protein, dna",0.20313,0.1414524210606975,0.2039717460104778
8HUD,0.174,0.036,0.025,"A, B","D, C","protein, rna",0.20313,0.1414524210606975,0.2039717460104778
8HUD,0.174,0.308,0.922,"B, C","C, B","rna, dna",0.20313,0.1414524210606975,0.2039717460104778
8HUD,0.174,0.474,0.905,"C, D","B, A","dna, dna",0.20313,0.1414524210606975,0.2039717460104778
8HZJ,0.012,0.012,0.0,"A, B","B, A","rna, rna",0.21519,0.4038884110659169,0.3747315246608687
8HZK,0.014,0.014,0.0,"A, B","A, B","rna, rna",0.2359,0.0768687228148241,0.2861569757279347
8HZL,0.008,0.008,0.0,"A, B","B, A","rna, rna",0.15519,0.0519723459085045,0.1071462026689108
8I3Q,0.015,0.015,0.0,"C, A","B, A","rna, protein",0.79597,0.4878728020935783,0.6359897525561368
8IBW,0.111,0.012,0.006,"C, D","B, A","protein, rna",0.24262,0.1450537149435155,0.1766519108628355
8IBW,0.111,0.018,0.014,"A, C","D, B","dna, protein",0.24262,0.1450537149435155,0.1766519108628355
8IBW,0.111,0.022,0.018,"B, C","C, B","dna, protein",0.24262,0.1450537149435155,0.1766519108628355
8IBW,0.111,0.39,0.946,"A, B","D, C","dna, dna",0.24262,0.1450537149435155,0.1766519108628355
8IBY,0.022,0.022,0.017,"E, C","B, A","rna, protein",0.71502,0.438298336181139,0.7406483117713742
8IBZ,0.007,0.007,0.0,"C, E","B, A","protein, rna",0.21358,0.1419778292552532,0.1758013208331761
8ID2,0.097,0.024,0.0,"B, D","C, B","protein, rna",0.18109,0.29416840946851,0.3287273223877478
8ID2,0.097,0.032,0.043,"A, C","D, A","protein, rna",0.18109,0.29416840946851,0.3287273223877478
8ID2,0.097,0.235,0.056,"C, D","A, B","rna, rna",0.18109,0.29416840946851,0.3287273223877478
8IDF,0.013,0.013,0.0,"A, B","B, A","protein, rna",0.24869,0.1515109998432877,0.2255176464215339
8IEW,0.166,0.019,0.0,"A, C","D, B","protein, dna",0.26905,0.1218671571134482,0.184946364305381
8IEW,0.166,0.02,0.0,"A, D","D, A","protein, dna",0.26905,0.1218671571134482,0.184946364305381
8IEW,0.166,0.038,0.025,"A, B","D, C","protein, rna",0.26905,0.1218671571134482,0.184946364305381
8IEW,0.166,0.156,0.561,"B, C","C, B","rna, dna",0.26905,0.1218671571134482,0.184946364305381
8IEW,0.166,0.596,0.974,"C, D","B, A","dna, dna",0.26905,0.1218671571134482,0.184946364305381
8IFK,0.102,0.009,0.0,"A, B","D, C","protein, protein",0.23947,0.1258853956695171,0.1842652949173265
8IFK,0.102,0.012,0.0,"B, C","C, B","protein, rna",0.23947,0.1258853956695171,0.1842652949173265
8IFK,0.102,0.013,0.0,"A, C","D, B","protein, rna",0.23947,0.1258853956695171,0.1842652949173265
8IFK,0.102,0.015,0.0,"B, D","C, A","protein, dna",0.23947,0.1258853956695171,0.1842652949173265
8IFK,0.102,0.017,0.0,"A, D","D, A","protein, dna",0.23947,0.1258853956695171,0.1842652949173265
8IFK,0.102,0.547,0.895,"C, D","B, A","rna, dna",0.23947,0.1258853956695171,0.1842652949173265
8IN8,0.113,0.005,0.0,"B, C","D, C","protein, protein",0.23583,0.1331398100033836,0.1821638713452356
8IN8,0.113,0.008,0.0,"C, I","C, B","protein, rna",0.23583,0.1331398100033836,0.1821638713452356
8IN8,0.113,0.009,0.0,"C, J","C, A","protein, dna",0.23583,0.1331398100033836,0.1821638713452356
8IN8,0.113,0.015,0.0,"B, I","D, B","protein, rna",0.23583,0.1331398100033836,0.1821638713452356
8IN8,0.113,0.017,0.0,"B, J","D, A","protein, dna",0.23583,0.1331398100033836,0.1821638713452356
8IN8,0.113,0.623,0.862,"I, J","B, A","rna, dna",0.23583,0.1331398100033836,0.1821638713452356
8IPM,0.018,0.016,0.0,"C, D","C, B","protein, protein",0.29408,0.0788647447320993,0.1866978256512903
8IPM,0.018,0.02,0.0,"D, A","B, A","protein, rna",0.29408,0.0788647447320993,0.1866978256512903
8J8H,0.108,0.01,0.0,"A, B","D, C","protein, protein",0.28226,0.1305468033738419,0.1879219067179339
8J8H,0.108,0.016,0.0,"A, F","D, A","protein, dna",0.28226,0.1305468033738419,0.1879219067179339
8J8H,0.108,0.023,0.0,"B, F","C, A","protein, dna",0.28226,0.1305468033738419,0.1879219067179339
8J8H,0.108,0.023,0.022,"A, E","D, B","protein, rna",0.28226,0.1305468033738419,0.1879219067179339
8J8H,0.108,0.053,0.062,"B, E","C, B","protein, rna",0.28226,0.1305468033738419,0.1879219067179339
8J8H,0.108,0.527,0.891,"E, F","B, A","rna, dna",0.28226,0.1305468033738419,0.1879219067179339
8J9G,0.018,0.009,0.0,"A, B","C, D","protein, protein",0.26941,0.1300999662196734,0.1899255084901372
8J9G,0.018,0.01,0.0,"A, E","C, A","protein, dna",0.26941,0.1300999662196734,0.1899255084901372
8J9G,0.018,0.01,0.0,"B, F","D, B","protein, rna",0.26941,0.1300999662196734,0.1899255084901372
8J9G,0.018,0.01,0.0,"E, F","A, B","dna, rna",0.26941,0.1300999662196734,0.1899255084901372
8J9G,0.018,0.014,0.0,"B, E","D, A","protein, dna",0.26941,0.1300999662196734,0.1899255084901372
8J9G,0.018,0.057,0.0,"A, F","C, B","protein, rna",0.26941,0.1300999662196734,0.1899255084901372
8JL0,0.105,0.009,0.0,"B, C","C, A","protein, rna",0.22576,0.1332135052855014,0.1884422456576939
8JL0,0.105,0.009,0.0,"B, D","C, B","protein, dna",0.22576,0.1332135052855014,0.1884422456576939
8JL0,0.105,0.014,0.0,"A, B","D, C","protein, protein",0.22576,0.1332135052855014,0.1884422456576939
8JL0,0.105,0.036,0.0,"A, C","D, A","protein, rna",0.22576,0.1332135052855014,0.1884422456576939
8JL0,0.105,0.052,0.014,"A, D","D, B","protein, dna",0.22576,0.1332135052855014,0.1884422456576939
8JL0,0.105,0.51,0.897,"D, C","B, A","dna, rna",0.22576,0.1332135052855014,0.1884422456576939
8JTJ,0.252,0.075,0.0,"A, D","A, D","protein, dna",0.88178,0.4110159310891077,0.7682002987652229
8JTJ,0.252,0.143,0.234,"A, B","A, B","protein, rna",0.88178,0.4110159310891077,0.7682002987652229
8JTJ,0.252,0.162,0.12,"A, C","A, C","protein, dna",0.88178,0.4110159310891077,0.7682002987652229
8JTJ,0.252,0.416,0.857,"B, C","B, C","rna, dna",0.88178,0.4110159310891077,0.7682002987652229
8JTJ,0.252,0.463,0.864,"C, D","C, D","dna, dna",0.88178,0.4110159310891077,0.7682002987652229
8JTR,0.268,0.268,0.476,"A, B","A, B","protein, rna",0.90913,0.4923329484063958,0.7611841998654931
8K0Y,0.011,0.011,0.0,"A, B","A, B","rna, rna",0.37985,0.0490419114852293,0.3513574645973221
8KAG,0.131,0.017,0.0,"B, C","C, A","protein, rna",0.19862,0.1640212326523077,0.2022982863176605
8KAG,0.131,0.018,0.007,"B, A","C, B","protein, rna",0.19862,0.1640212326523077,0.2022982863176605
8KAG,0.131,0.359,0.857,"A, C","B, A","rna, rna",0.19862,0.1640212326523077,0.2022982863176605
8OKD,0.006,0.003,0.0,"A, B","C, D","protein, protein",0.16875,0.2063434391214482,0.2125676305982292
8OKD,0.006,0.004,0.0,"A, X","C, B","protein, rna",0.16875,0.2063434391214482,0.2125676305982292
8OKD,0.006,0.005,0.0,"B, C","D, A","protein, rna",0.16875,0.2063434391214482,0.2125676305982292
8OKD,0.006,0.009,0.0,"A, C","C, A","protein, rna",0.16875,0.2063434391214482,0.2125676305982292
8OKD,0.006,0.01,0.0,"B, X","D, B","protein, rna",0.16875,0.2063434391214482,0.2125676305982292
8OMR,0.737,0.667,0.794,"B, C","B, C","protein, rna",0.96433,0.9227415854539956,0.9311640530554128
8OMR,0.737,0.705,0.756,"A, C","A, C","protein, rna",0.96433,0.9227415854539956,0.9311640530554128
8OMR,0.737,0.839,0.856,"A, B","A, B","protein, protein",0.96433,0.9227415854539956,0.9311640530554128
8OPP,0.024,0.024,0.02,"A, D","B, A","protein, rna",0.25527,0.2026530884885798,0.2340928892246487
8PJB,0.108,0.108,0.056,"A, C","B, A","protein, rna",0.23901,0.1981248170969892,0.1999673299092233
8PM4,0.167,0.011,0.006,"A, B","D, C","protein, rna",0.23339,0.1185921476632869,0.2224585675556156
8PM4,0.167,0.031,0.0,"A, D","D, A","protein, dna",0.23339,0.1185921476632869,0.2224585675556156
8PM4,0.167,0.035,0.034,"A, C","D, B","protein, dna",0.23339,0.1185921476632869,0.2224585675556156
8PM4,0.167,0.347,0.936,"C, D","B, A","dna, dna",0.23339,0.1185921476632869,0.2224585675556156
8PM4,0.167,0.41,0.952,"B, C","C, B","rna, dna",0.23339,0.1185921476632869,0.2224585675556156
8PVV,0.079,0.015,0.0,"A, R","D, B","protein, rna",0.30346,0.1231420187634162,0.1962926339299568
8PVV,0.079,0.015,0.0,"A, S","D, A","protein, dna",0.30346,0.1231420187634162,0.1962926339299568
8PVV,0.079,0.015,0.0,"C, R","C, B","protein, rna",0.30346,0.1231420187634162,0.1962926339299568
8PVV,0.079,0.016,0.0,"C, S","C, A","protein, dna",0.30346,0.1231420187634162,0.1962926339299568
8PVV,0.079,0.033,0.029,"A, C","D, C","protein, protein",0.30346,0.1231420187634162,0.1962926339299568
8PVV,0.079,0.379,0.913,"R, S","B, A","rna, dna",0.30346,0.1231420187634162,0.1962926339299568
8QG0,0.109,0.01,0.0,"A, B","D, C","protein, protein",0.26352,0.1072169306830226,0.2120336603232744
8QG0,0.109,0.015,0.0,"B, P","C, B","protein, dna",0.26352,0.1072169306830226,0.2120336603232744
8QG0,0.109,0.019,0.0,"B, Q","C, A","protein, rna",0.26352,0.1072169306830226,0.2120336603232744
8QG0,0.109,0.029,0.0,"A, P","D, B","protein, dna",0.26352,0.1072169306830226,0.2120336603232744
8QG0,0.109,0.029,0.017,"A, Q","D, A","protein, rna",0.26352,0.1072169306830226,0.2120336603232744
8QG0,0.109,0.549,0.879,"P, Q","B, A","dna, rna",0.26352,0.1072169306830226,0.2120336603232744
8R0S,0.232,0.026,0.0,"A, C","C, B","protein, rna",0.23761,0.1395638623049495,0.199444865029028
8R0S,0.232,0.029,0.0,"A, D","C, A","protein, dna",0.23761,0.1395638623049495,0.199444865029028
8R0S,0.232,0.641,0.953,"C, D","B, A","rna, dna",0.23761,0.1395638623049495,0.199444865029028
8SCZ,0.023,0.023,0.014,"A, B","B, A","protein, rna",0.28326,0.1950217175458379,0.2272338317732252
8SD0,0.044,0.044,0.026,"A, B","B, A","protein, rna",0.23677,0.2087160124722556,0.2321888991259883
8SFH,0.113,0.01,0.0,"B, C","C, B","rna, dna",0.23776,0.1503397235993351,0.1644917796001074
8SFH,0.113,0.012,0.0,"A, B","D, C","protein, rna",0.23776,0.1503397235993351,0.1644917796001074
8SFH,0.113,0.028,0.007,"A, D","D, A","protein, dna",0.23776,0.1503397235993351,0.1644917796001074
8SFH,0.113,0.04,0.021,"A, C","D, B","protein, dna",0.23776,0.1503397235993351,0.1644917796001074
8SFH,0.113,0.472,0.901,"C, D","B, A","dna, dna",0.23776,0.1503397235993351,0.1644917796001074
8SFI,0.097,0.011,0.0,"B, C","C, B","rna, dna",0.21078,0.1480612108391372,0.1821014620376658
8SFI,0.097,0.012,0.0,"A, D","D, A","protein, dna",0.21078,0.1480612108391372,0.1821014620376658
8SFI,0.097,0.013,0.0,"A, C","D, B","protein, dna",0.21078,0.1480612108391372,0.1821014620376658
8SFI,0.097,0.016,0.0,"A, B","D, C","protein, rna",0.21078,0.1480612108391372,0.1821014620376658
8SFI,0.097,0.433,0.84,"C, D","B, A","dna, dna",0.21078,0.1480612108391372,0.1821014620376658
8SFJ,0.102,0.01,0.0,"A, B","D, C","protein, rna",0.25286,0.1488813006719945,0.1829558683636764
8SFJ,0.102,0.017,0.0,"B, C","C, B","rna, dna",0.25286,0.1488813006719945,0.1829558683636764
8SFJ,0.102,0.026,0.012,"A, C","D, B","protein, dna",0.25286,0.1488813006719945,0.1829558683636764
8SFJ,0.102,0.04,0.034,"A, D","D, A","protein, dna",0.25286,0.1488813006719945,0.1829558683636764
8SFJ,0.102,0.417,0.748,"C, D","B, A","dna, dna",0.25286,0.1488813006719945,0.1829558683636764
8SFL,0.096,0.009,0.0,"B, C","C, B","rna, dna",0.19488,0.1483330103923539,0.1842970223964549
8SFL,0.096,0.017,0.011,"A, B","D, C","protein, rna",0.19488,0.1483330103923539,0.1842970223964549
8SFL,0.096,0.026,0.0,"A, C","D, B","protein, dna",0.19488,0.1483330103923539,0.1842970223964549
8SFL,0.096,0.033,0.014,"A, D","D, A","protein, dna",0.19488,0.1483330103923539,0.1842970223964549
8SFL,0.096,0.395,0.772,"C, D","B, A","dna, dna",0.19488,0.1483330103923539,0.1842970223964549
8SFN,0.09,0.013,0.0,"A, B","D, C","protein, rna",0.2307,0.1485118363423854,0.1815487607379393
8SFN,0.09,0.013,0.0,"B, C","C, B","rna, dna",0.2307,0.1485118363423854,0.1815487607379393
8SFN,0.09,0.024,0.009,"A, D","D, A","protein, dna",0.2307,0.1485118363423854,0.1815487607379393
8SFN,0.09,0.025,0.0,"A, C","D, B","protein, dna",0.2307,0.1485118363423854,0.1815487607379393
8SFN,0.09,0.374,0.675,"C, D","B, A","dna, dna",0.2307,0.1485118363423854,0.1815487607379393
8SFR,0.098,0.006,0.0,"A, D","D, B","protein, dna",0.21848,0.1488580773017864,0.1807589423555032
8SFR,0.098,0.01,0.005,"A, C","D, A","protein, dna",0.21848,0.1488580773017864,0.1807589423555032
8SFR,0.098,0.011,0.0,"B, C","C, A","rna, dna",0.21848,0.1488580773017864,0.1807589423555032
8SFR,0.098,0.023,0.0,"A, B","D, C","protein, rna",0.21848,0.1488580773017864,0.1807589423555032
8SFR,0.098,0.438,0.833,"C, D","A, B","dna, dna",0.21848,0.1488580773017864,0.1807589423555032
8SH5,0.501,0.221,0.615,"L, R","B, C","protein, rna",0.86445,0.8530305868004102,0.8954823689047409
8SH5,0.501,0.43,0.794,"H, R","A, C","protein, rna",0.86445,0.8530305868004102,0.8954823689047409
8SH5,0.501,0.852,0.865,"H, L","A, B","protein, protein",0.86445,0.8530305868004102,0.8954823689047409
8SQU,0.122,0.005,0.0,"A, B","D, C","protein, protein",0.23469,0.1267657535003216,0.1618281571452984
8SQU,0.122,0.016,0.015,"B, C","C, B","protein, rna",0.23469,0.1267657535003216,0.1618281571452984
8SQU,0.122,0.017,0.0,"A, D","D, A","protein, dna",0.23469,0.1267657535003216,0.1618281571452984
8SQU,0.122,0.022,0.025,"B, D","C, A","protein, dna",0.23469,0.1267657535003216,0.1618281571452984
8SQU,0.122,0.044,0.08,"A, C","D, B","protein, rna",0.23469,0.1267657535003216,0.1618281571452984
8SQU,0.122,0.628,0.808,"C, D","B, A","rna, dna",0.23469,0.1267657535003216,0.1618281571452984
8SXT,0.284,0.075,0.0,"C, A","C, A","dna, protein",0.95187,0.3814151742776416,0.8090366993993757
8SXT,0.284,0.108,0.0,"B, A","B, A","rna, protein",0.95187,0.3814151742776416,0.8090366993993757
8SXT,0.284,0.67,0.273,"B, C","B, C","rna, dna",0.95187,0.3814151742776416,0.8090366993993757
8T29,0.713,0.604,0.881,"R, A","C, B","rna, protein",0.88686,0.8736430828883971,0.907568273363474
8T29,0.713,0.67,1.0,"R, B","C, A","rna, protein",0.88686,0.8736430828883971,0.907568273363474
8T29,0.713,0.865,0.903,"A, B","B, A","protein, protein",0.88686,0.8736430828883971,0.907568273363474
8T2P,0.003,0.003,0.0,"A, B","B, A","rna, rna",0.30018,0.1009694036324009,0.2216414832124549
8UZA,0.144,0.003,0.0,"A, D","A, D","protein, dna",0.83514,0.520442805797673,0.7457460035704564
8UZA,0.144,0.005,0.0,"A, C","A, C","protein, dna",0.83514,0.520442805797673,0.7457460035704564
8UZA,0.144,0.006,0.0,"B, C","B, C","rna, dna",0.83514,0.520442805797673,0.7457460035704564
8UZA,0.144,0.29,0.535,"A, B","A, B","protein, rna",0.83514,0.520442805797673,0.7457460035704564
8UZA,0.144,0.418,0.939,"C, D","C, D","dna, dna",0.83514,0.520442805797673,0.7457460035704564
8VFS,0.172,0.172,0.394,"A, B","B, A","rna, rna",0.26751,0.4560688588872758,0.4485003676952632
8VIV,0.05,0.05,0.084,"A, B","B, A","protein, rna",0.9007,0.575569534320373,0.7802859952946162
8VMB,0.628,0.556,0.867,"R, H","C, B","rna, protein",0.83655,0.8482246217314723,0.8923860487638542
8VMB,0.628,0.612,1.0,"R, L","C, A","rna, protein",0.83655,0.8482246217314723,0.8923860487638542
8VMB,0.628,0.716,0.87,"H, L","B, A","protein, protein",0.83655,0.8482246217314723,0.8923860487638542
8WFA,0.142,0.007,0.0,"A, B","A, B","protein, rna",0.58334,0.2199901384542337,0.835905342876002
8WFA,0.142,0.013,0.0,"A, C","A, C","protein, rna",0.58334,0.2199901384542337,0.835905342876002
8WFA,0.142,0.405,0.948,"B, C","B, C","rna, rna",0.58334,0.2199901384542337,0.835905342876002
8WRR,0.134,0.014,0.0,"A, D","D, A","protein, dna",0.20658,0.1191555350380036,0.1720175429683278
8WRR,0.134,0.019,0.0,"B, C","C, B","rna, dna",0.20658,0.1191555350380036,0.1720175429683278
8WRR,0.134,0.025,0.024,"A, C","D, B","protein, dna",0.20658,0.1191555350380036,0.1720175429683278
8WRR,0.134,0.028,0.008,"A, B","D, C","protein, rna",0.20658,0.1191555350380036,0.1720175429683278
8WRR,0.134,0.586,0.933,"C, D","B, A","dna, dna",0.20658,0.1191555350380036,0.1720175429683278
8WRS,0.155,0.013,0.0,"A, C","D, B","protein, dna",0.29219,0.120328741352111,0.2230705553693737
8WRS,0.155,0.02,0.0,"B, C","C, B","rna, dna",0.29219,0.120328741352111,0.2230705553693737
8WRS,0.155,0.023,0.034,"A, D","D, A","protein, dna",0.29219,0.120328741352111,0.2230705553693737
8WRS,0.155,0.074,0.027,"A, B","D, C","protein, rna",0.29219,0.120328741352111,0.2230705553693737
8WRS,0.155,0.645,0.915,"C, D","B, A","dna, dna",0.29219,0.120328741352111,0.2230705553693737
8WRT,0.031,0.031,0.05,"A, B","B, A","protein, rna",0.20077,0.1163475965517446,0.1933273870839553
8WRU,0.099,0.007,0.0,"B, C","A, C","rna, dna",0.21141,0.1371170718230893,0.1611786427977048
8WRU,0.099,0.01,0.0,"A, D","D, B","protein, dna",0.21141,0.1371170718230893,0.1611786427977048
8WRU,0.099,0.014,0.0,"A, C","D, C","protein, dna",0.21141,0.1371170718230893,0.1611786427977048
8WRU,0.099,0.021,0.011,"A, B","D, A","protein, rna",0.21141,0.1371170718230893,0.1611786427977048
8WRU,0.099,0.441,0.957,"C, D","C, B","dna, dna",0.21141,0.1371170718230893,0.1611786427977048
8WRV,0.158,0.009,0.0,"D, A","C, B","dna, protein",0.27196,0.108324309074838,0.1713177811929561
8WRV,0.158,0.011,0.0,"C, A","D, B","dna, protein",0.27196,0.108324309074838,0.1713177811929561
8WRV,0.158,0.017,0.014,"A, B","B, A","protein, rna",0.27196,0.108324309074838,0.1713177811929561
8WRV,0.158,0.227,0.684,"C, B","D, A","dna, rna",0.27196,0.108324309074838,0.1713177811929561
8WRV,0.158,0.525,0.93,"C, D","D, C","dna, dna",0.27196,0.108324309074838,0.1713177811929561
8WS9,0.163,0.009,0.0,"A, C","D, B","protein, dna",0.22242,0.1204166637210988,0.2229985159290144
8WS9,0.163,0.009,0.0,"A, D","D, A","protein, dna",0.22242,0.1204166637210988,0.2229985159290144
8WS9,0.163,0.016,0.0,"B, C","C, B","rna, dna",0.22242,0.1204166637210988,0.2229985159290144
8WS9,0.163,0.075,0.088,"A, B","D, C","protein, rna",0.22242,0.1204166637210988,0.2229985159290144
8WS9,0.163,0.707,0.897,"C, D","B, A","dna, dna",0.22242,0.1204166637210988,0.2229985159290144
8X5V,0.177,0.01,0.0,"A, C","D, B","protein, dna",0.23206,0.1423043307482891,0.1847807321407598
8X5V,0.177,0.01,0.0,"A, D","D, A","protein, dna",0.23206,0.1423043307482891,0.1847807321407598
8X5V,0.177,0.019,0.004,"A, B","D, C","protein, rna",0.23206,0.1423043307482891,0.1847807321407598
8X5V,0.177,0.332,0.855,"B, C","C, B","rna, dna",0.23206,0.1423043307482891,0.1847807321407598
8X5V,0.177,0.514,0.978,"C, D","B, A","dna, dna",0.23206,0.1423043307482891,0.1847807321407598
8XCC,0.159,0.006,0.0,"A, D","A, D","protein, dna",0.38843,0.1347679194173255,0.282097502100912
8XCC,0.159,0.007,0.0,"A, C","A, C","protein, dna",0.38843,0.1347679194173255,0.282097502100912
8XCC,0.159,0.01,0.0,"B, C","B, C","rna, dna",0.38843,0.1347679194173255,0.282097502100912
8XCC,0.159,0.05,0.012,"A, B","A, B","protein, rna",0.38843,0.1347679194173255,0.282097502100912
8XCC,0.159,0.721,0.941,"C, D","C, D","dna, dna",0.38843,0.1347679194173255,0.282097502100912
8XTP,0.008,0.008,0.0,"B, A","B, A","rna, rna",0.18356,0.0969565525802156,0.1920808817407566
8XYC,0.196,0.007,0.0,"A, C","B, A","protein, rna",0.1973,0.1327962268247554,0.1693476996451474
8XYC,0.196,0.015,0.0,"D, A","C, B","dna, protein",0.1973,0.1327962268247554,0.1693476996451474
8XYC,0.196,0.018,0.014,"B, A","D, B","dna, protein",0.1973,0.1327962268247554,0.1693476996451474
8XYC,0.196,0.387,0.943,"B, C","D, A","dna, rna",0.1973,0.1327962268247554,0.1693476996451474
8XYC,0.196,0.551,0.978,"B, D","D, C","dna, dna",0.1973,0.1327962268247554,0.1693476996451474
8Y03,0.039,0.039,0.0,"A, G","B, A","protein, rna",0.20213,0.1578995793663097,0.2015387699144866
8Y04,0.236,0.012,0.0,"A, D","A, D","protein, dna",0.81693,0.4674254836064386,0.8557544156059798
8Y04,0.236,0.015,0.0,"A, C","A, C","protein, dna",0.81693,0.4674254836064386,0.8557544156059798
8Y04,0.236,0.018,0.0,"B, C","B, C","rna, dna",0.81693,0.4674254836064386,0.8557544156059798
8Y04,0.236,0.52,0.727,"A, B","A, B","protein, rna",0.81693,0.4674254836064386,0.8557544156059798
8Y04,0.236,0.616,0.893,"C, D","C, D","dna, dna",0.81693,0.4674254836064386,0.8557544156059798
8Y0C,0.172,0.015,0.0,"D, A","C, D","dna, protein",0.23683,0.1468176406965703,0.1749597547355152
8Y0C,0.172,0.017,0.004,"B, A","A, D","rna, protein",0.23683,0.1468176406965703,0.1749597547355152
8Y0C,0.172,0.021,0.0,"C, A","B, D","dna, protein",0.23683,0.1468176406965703,0.1749597547355152
8Y0C,0.172,0.39,0.962,"B, C","A, B","rna, dna",0.23683,0.1468176406965703,0.1749597547355152
8Y0C,0.172,0.419,0.941,"C, D","B, C","dna, dna",0.23683,0.1468176406965703,0.1749597547355152
8Y0D,0.135,0.012,0.0,"B, A","A, C","rna, protein",0.26562,0.1426115392535758,0.1772009127001957
8Y0D,0.135,0.015,0.0,"C, A","B, C","dna, protein",0.26562,0.1426115392535758,0.1772009127001957
8Y0D,0.135,0.378,0.894,"B, C","A, B","rna, dna",0.26562,0.1426115392535758,0.1772009127001957
8Y7Z,0.1,0.008,0.0,"B, A","D, C","protein, protein",0.22446,0.1352009885584328,0.2161586895619408
8Y7Z,0.1,0.008,0.0,"B, C","D, B","protein, rna",0.22446,0.1352009885584328,0.2161586895619408
8Y7Z,0.1,0.012,0.0,"B, D","D, A","protein, dna",0.22446,0.1352009885584328,0.2161586895619408
8Y7Z,0.1,0.024,0.0,"A, D","C, A","protein, dna",0.22446,0.1352009885584328,0.2161586895619408
8Y7Z,0.1,0.025,0.0,"A, C","C, B","protein, rna",0.22446,0.1352009885584328,0.2161586895619408
8Y7Z,0.1,0.526,0.882,"C, D","B, A","rna, dna",0.22446,0.1352009885584328,0.2161586895619408
8Y9L,0.015,0.015,0.0,"A, B","B, A","protein, rna",0.24522,0.1264763350484647,0.1758753132583816
8Y9M,0.132,0.006,0.0,"A, D","D, A","protein, dna",0.19136,0.1311315086351001,0.1840263627827243
8Y9M,0.132,0.007,0.0,"A, C","D, B","protein, dna",0.19136,0.1311315086351001,0.1840263627827243
8Y9M,0.132,0.021,0.011,"A, B","D, C","protein, rna",0.19136,0.1311315086351001,0.1840263627827243
8Y9M,0.132,0.257,0.796,"B, C","C, B","rna, dna",0.19136,0.1311315086351001,0.1840263627827243
8Y9M,0.132,0.367,0.758,"C, D","B, A","dna, dna",0.19136,0.1311315086351001,0.1840263627827243
8YDC,0.455,0.455,0.826,"A, B","B, A","rna, rna",0.37799,0.5883475282417521,0.3946918090257229
8Z1F,0.015,0.015,0.0,"T, A","B, A","rna, protein",0.90319,0.647313548645543,0.855647178635161
8Z9K,0.018,0.018,0.0,"A, B","B, A","rna, rna",0.21575,0.2415340665774771,0.273834017049291
8ZMI,0.253,0.017,0.0,"B, C","B, C","protein, rna",0.81184,0.6489324742116335,0.7500033862687348
8ZMI,0.253,0.026,0.024,"A, C","A, C","protein, rna",0.81184,0.6489324742116335,0.7500033862687348
8ZMI,0.253,0.716,0.857,"A, B","A, B","protein, protein",0.81184,0.6489324742116335,0.7500033862687348
8ZNJ,0.118,0.014,0.008,"A, B","D, C","protein, protein",0.2751,0.118008528642024,0.2106373545247915
8ZNJ,0.118,0.02,0.0,"B, E","C, A","protein, dna",0.2751,0.118008528642024,0.2106373545247915
8ZNJ,0.118,0.029,0.029,"B, D","C, B","protein, rna",0.2751,0.118008528642024,0.2106373545247915
8ZNJ,0.118,0.035,0.025,"A, D","D, B","protein, rna",0.2751,0.118008528642024,0.2106373545247915
8ZNJ,0.118,0.038,0.031,"A, E","D, A","protein, dna",0.2751,0.118008528642024,0.2106373545247915
8ZNJ,0.118,0.57,0.94,"D, E","B, A","rna, dna",0.2751,0.118008528642024,0.2106373545247915
8ZTY,0.017,0.017,0.003,"A, B","B, A","protein, rna",0.24299,0.1465652110259445,0.1867982995833858
9B2K,0.125,0.005,0.0,"A, P","C, A","rna, protein",0.51632,0.2961026684662036,0.6926802280686195
9B2K,0.125,0.111,0.236,"B, P","B, A","rna, protein",0.51632,0.2961026684662036,0.6926802280686195
9B2K,0.125,0.258,0.754,"A, B","C, B","rna, rna",0.51632,0.2961026684662036,0.6926802280686195
9BXE,0.638,0.638,1.0,"A, B","B, A","rna, rna",0.32187,0.4483596028240037,0.491840700310693
9C0I,0.02,0.007,0.0,"P, R","B, A","dna, rna",0.21248,0.0891303399080518,0.1591834642420053
9C0I,0.02,0.011,0.009,"A, R","C, A","protein, rna",0.21248,0.0891303399080518,0.1591834642420053
9C0I,0.02,0.043,0.074,"A, P","C, B","protein, dna",0.21248,0.0891303399080518,0.1591834642420053
9CER,0.017,0.017,0.011,"P, W","A, B","protein, rna",0.2057,0.1836157215099928,0.4264008921481443
9CEU,0.091,0.005,0.0,"N, P","C, D","dna, protein",0.22311,0.1321243352155714,0.1634237885847727
9CEU,0.091,0.006,0.0,"P, T","D, B","protein, dna",0.22311,0.1321243352155714,0.1634237885847727
9CEU,0.091,0.007,0.0,"T, W","B, A","dna, rna",0.22311,0.1321243352155714,0.1634237885847727
9CEU,0.091,0.018,0.008,"P, W","D, A","protein, rna",0.22311,0.1321243352155714,0.1634237885847727
9CEU,0.091,0.421,0.953,"N, T","C, B","dna, dna",0.22311,0.1321243352155714,0.1634237885847727
9CMP,0.235,0.011,0.0,"G, A","C, A","rna, protein",0.83206,0.2538914356617976,0.8711174652457794
9CMP,0.235,0.012,0.0,"T, A","B, A","rna, protein",0.83206,0.2538914356617976,0.8711174652457794
9CMP,0.235,0.683,0.917,"G, T","C, B","rna, rna",0.83206,0.2538914356617976,0.8711174652457794
9CPD,0.75,0.75,0.954,"A, B","A, B","rna, rna",0.33386,0.3832482921880098,0.4204163538251148
9CPJ,0.843,0.843,0.985,"A, B","B, A","rna, rna",0.48665,0.383129300111631,0.4217054618763225
9DCF,0.02,0.008,0.0,"B, C","C, A","protein, rna",0.2342,0.13103661384731,0.2135125998707101
9DCF,0.02,0.018,0.017,"A, C","B, A","protein, rna",0.2342,0.13103661384731,0.2135125998707101
9DCF,0.02,0.032,0.0,"A, B","B, C","protein, protein",0.2342,0.13103661384731,0.2135125998707101
9DIB,0.005,0.005,0.0,"A, B","A, B","rna, rna",0.21449,0.0401502072875639,0.1573531079697986
9DIG,0.008,0.008,0.0,"A, B","B, A","rna, rna",0.21747,0.0657648453513601,0.1523454810113629
9DII,0.007,0.007,0.0,"A, B","B, A","rna, rna",0.19235,0.0414732811549182,0.154195689648022
9DTT,0.009,0.009,0.0,"A, B","B, A","protein, rna",0.23827,0.1416125710319122,0.2271203459189333
9E7G,0.26,0.019,0.0,"L, R","B, A","protein, rna",0.81707,0.8129326789145711,0.8368676436044387
9E7G,0.26,0.064,0.119,"H, R","C, A","protein, rna",0.81707,0.8129326789145711,0.8368676436044387
9E7G,0.26,0.698,0.823,"H, L","C, B","protein, protein",0.81707,0.8129326789145711,0.8368676436044387
9ENE,0.022,0.01,0.0,"A, B","C, D","protein, protein",0.22573,0.1894321290725609,0.213814266291626
9ENE,0.022,0.011,0.0,"A, D","C, B","protein, rna",0.22573,0.1894321290725609,0.213814266291626
9ENE,0.022,0.013,0.0,"B, C","D, A","protein, rna",0.22573,0.1894321290725609,0.213814266291626
9ENE,0.022,0.035,0.022,"A, C","C, A","protein, rna",0.22573,0.1894321290725609,0.213814266291626
9ENE,0.022,0.041,0.035,"B, D","D, B","protein, rna",0.22573,0.1894321290725609,0.213814266291626
9FCV,0.025,0.025,0.0,"A, B","B, A","protein, rna",0.24242,0.1390821594159293,0.1674427287145811
9GBZ,0.235,0.008,0.0,"B, R","B, C","protein, rna",0.71892,0.6327493977797739,0.6563474710137658
9GBZ,0.235,0.008,0.0,"C, R","A, C","protein, rna",0.71892,0.6327493977797739,0.6563474710137658
9GBZ,0.235,0.186,0.426,"G, R","D, C","rna, rna",0.71892,0.6327493977797739,0.6563474710137658
9GBZ,0.235,0.231,0.27,"C, G","A, D","protein, rna",0.71892,0.6327493977797739,0.6563474710137658
9GBZ,0.235,0.741,0.794,"B, C","B, A","protein, protein",0.71892,0.6327493977797739,0.6563474710137658
9H82,0.008,0.008,0.0,"E, B","B, A","rna, rna",0.08556,0.6641984696000252,0.5749265679084123
9H83,0.067,0.012,0.0,"C, B","B, A","rna, rna",0.1587,0.2937475893098543,0.3266023168010037
9H83,0.067,0.015,0.0,"D, B","C, A","rna, rna",0.1587,0.2937475893098543,0.3266023168010037
9H83,0.067,0.027,0.0,"A, B","D, A","rna, rna",0.1587,0.2937475893098543,0.3266023168010037
9H83,0.067,0.034,0.0,"D, C","C, B","rna, rna",0.1587,0.2937475893098543,0.3266023168010037
9H83,0.067,0.248,0.74,"A, C","D, B","rna, rna",0.1587,0.2937475893098543,0.3266023168010037
9I8B,0.615,0.615,0.991,"A, B","B, A","rna, rna",0.33738,0.8151710655189663,0.8128256423229434
9IIY,0.208,0.02,0.0,"A, B","C, B","protein, rna",0.23278,0.1703723871381009,0.1657477931257123
9IIY,0.208,0.036,0.012,"A, C","C, A","protein, rna",0.23278,0.1703723871381009,0.1657477931257123
9IIY,0.208,0.567,0.818,"B, C","B, A","rna, rna",0.23278,0.1703723871381009,0.1657477931257123
9IIZ,0.213,0.011,0.0,"A, C","C, A","protein, rna",0.28758,0.2438360926558668,0.209153001701677
9IIZ,0.213,0.017,0.027,"A, B","C, B","protein, rna",0.28758,0.2438360926558668,0.209153001701677
9IIZ,0.213,0.61,0.933,"B, C","B, A","rna, rna",0.28758,0.2438360926558668,0.209153001701677
9IJ0,0.24,0.009,0.0,"A, C","C, A","protein, rna",0.24559,0.1361986100273091,0.2581150211998299
9IJ0,0.24,0.026,0.0,"A, B","C, B","protein, rna",0.24559,0.1361986100273091,0.2581150211998299
9IJ0,0.24,0.685,0.872,"B, C","B, A","rna, rna",0.24559,0.1361986100273091,0.2581150211998299
9IJ1,0.225,0.025,0.0,"A, C","C, A","protein, rna",0.24692,0.1685307970347876,0.2557293419757793
9IJ1,0.225,0.03,0.0,"A, B","C, B","protein, rna",0.24692,0.1685307970347876,0.2557293419757793
9IJ1,0.225,0.62,0.92,"B, C","B, A","rna, rna",0.24692,0.1685307970347876,0.2557293419757793
9IJ2,0.425,0.29,0.368,"A, C","A, C","protein, rna",0.88688,0.7664453135970192,0.7760625855380614
9IJ2,0.425,0.419,0.644,"A, B","A, B","protein, rna",0.88688,0.7664453135970192,0.7760625855380614
9IJ2,0.425,0.567,0.902,"B, C","B, C","rna, rna",0.88688,0.7664453135970192,0.7760625855380614
9IJ3,0.244,0.022,0.021,"A, C","C, A","protein, rna",0.23174,0.1477807981048247,0.1919814182131369
9IJ3,0.244,0.031,0.06,"A, B","C, B","protein, rna",0.23174,0.1477807981048247,0.1919814182131369
9IJ3,0.244,0.68,0.971,"B, C","B, A","rna, rna",0.23174,0.1477807981048247,0.1919814182131369
9IJ4,0.244,0.033,0.033,"A, B","C, B","protein, rna",0.30536,0.1531275285509398,0.1880259467543836
9IJ4,0.244,0.039,0.041,"A, C","C, A","protein, rna",0.30536,0.1531275285509398,0.1880259467543836
9IJ4,0.244,0.659,0.948,"B, C","B, A","rna, rna",0.30536,0.1531275285509398,0.1880259467543836
9IJ5,0.481,0.36,0.372,"A, C","A, B","protein, rna",0.86361,0.6774384921512706,0.7733639544365369
9IJ5,0.481,0.465,0.67,"A, B","A, C","protein, rna",0.86361,0.6774384921512706,0.7733639544365369
9IJ5,0.481,0.617,0.954,"B, C","C, B","rna, rna",0.86361,0.6774384921512706,0.7733639544365369
9JSP,0.141,0.009,0.0,"B, G","C, B","protein, rna",0.31057,0.1186200925076958,0.162110307453995
9JSP,0.141,0.009,0.0,"B, T","C, A","protein, dna",0.31057,0.1186200925076958,0.162110307453995
9JSP,0.141,0.018,0.0,"A, B","D, C","protein, protein",0.31057,0.1186200925076958,0.162110307453995
9JSP,0.141,0.036,0.0,"A, T","D, A","protein, dna",0.31057,0.1186200925076958,0.162110307453995
9JSP,0.141,0.084,0.094,"A, G","D, B","protein, rna",0.31057,0.1186200925076958,0.162110307453995
9JSP,0.141,0.694,0.941,"G, T","B, A","rna, dna",0.31057,0.1186200925076958,0.162110307453995
9KAD,0.081,0.081,0.0,"A, B","A, B","rna, rna",0.2411,0.4360147796649969,0.452849210211261
9KPH,0.006,0.006,0.0,"A, B","A, B","rna, rna",0.22268,0.0702919234512382,0.1410672867679517
9KPO,0.007,0.007,0.0,"B, A","B, A","rna, rna",0.21169,0.0676868454179679,0.1401299768410465
9L6Y,0.199,0.199,0.208,"A, B","D, B","protein, rna",0.32427,0.1680268767155646,0.3233316917429735
9MX3,0.259,0.023,0.0,"A, C","A, B","protein, rna",0.87274,0.7757106874495274,0.8810515126706
9MX3,0.259,0.026,0.0,"A, B","A, C","protein, rna",0.87274,0.7757106874495274,0.8810515126706
9MX3,0.259,0.727,0.929,"C, B","B, C","rna, rna",0.87274,0.7757106874495274,0.8810515126706
9NVU,0.122,0.011,0.011,"N, P","C, D","dna, protein",0.23458,0.1187818556226051,0.1577398640009326
9NVU,0.122,0.014,0.01,"P, W","D, A","protein, rna",0.23458,0.1187818556226051,0.1577398640009326
9NVU,0.122,0.017,0.022,"P, T","D, B","protein, dna",0.23458,0.1187818556226051,0.1577398640009326
9NVU,0.122,0.169,0.636,"T, W","B, A","dna, rna",0.23458,0.1187818556226051,0.1577398640009326
9NVU,0.122,0.4,0.709,"N, T","C, B","dna, dna",0.23458,0.1187818556226051,0.1577398640009326
M1209,0.454,0.298,0.897,"A, 0","A, C","protein, rna",0.70289,0.8409364996282302,0.8883073415436387
M1209,0.454,0.487,1.0,"B, 0","B, C","protein, rna",0.70289,0.8409364996282302,0.8883073415436387
M1209,0.454,0.577,0.906,"A, B","A, B","protein, protein",0.70289,0.8409364996282302,0.8883073415436387
M1293,0.708,0.616,0.921,"A, 1","A, C","protein, rna",0.92418,0.8827354293332326,0.9147795194599608
M1293,0.708,0.642,1.0,"B, 1","B, C","protein, rna",0.92418,0.8827354293332326,0.9147795194599608
M1293,0.708,0.866,0.86,"A, B","A, B","protein, protein",0.92418,0.8827354293332326,0.9147795194599608
M1296,0.654,0.629,1.0,"B, 0","B, C","protein, rna",0.82882,0.8475248323205059,0.8925261075508433
M1296,0.654,0.632,0.935,"A, 0","A, C","protein, rna",0.82882,0.8475248323205059,0.8925261075508433
M1296,0.654,0.7,0.866,"A, B","A, B","protein, protein",0.82882,0.8475248323205059,0.8925261075508433
