PDB_ID,TM-scoreRNA,INF-ALL,INF-WC,INF-NWC,INF-STACK,GDT-TS,GDT-TS@1,GDT-TS@2,GDT-TS@4,GDT-TS@8,lddt,C-lddt,length,rnatype,MSA_length,MSA_depth,Neff,ptm,TM_ScoreMAX
7EXY,0.22726,0.84,1.0,,0.82,0.64,0.38,0.56,0.69,0.94,0.48,0.56,16,Quadruplex,16,1,0.25,0.02,0.41993
7KUB,0.36302,0.88,0.96,0.0,0.86,0.22,0.15,0.2,0.23,0.3,0.71,0.75,60,Loop,60,238,6.66719,0.36,0.56407
7KUC,0.46535,0.97,1.0,,0.96,0.88,0.69,0.88,0.94,1.0,0.78,0.9,16,Loop,16,1,0.25,0.02,0.57192
7KUD,0.38398,0.82,1.0,,0.78,0.86,0.69,0.77,1.0,1.0,0.42,0.88,13,Loop,13,1,0.27735,0.03,0.55547
7MKT,0.06505,0.0,,0.0,0.0,0.3,0.13,0.26,0.35,0.48,0.26,0.3,23,Quadruplex,23,4,0.208514,0.21,0.21263
7PS8,0.13037,0.25,,,0.39,0.32,0.17,0.26,0.35,0.48,0.22,0.3,23,Quadruplex,23,31,0.212046,0.21,0.19502
7Q48,0.10714,0.33,,,0.58,0.31,0.18,0.23,0.27,0.55,0.25,0.34,22,Quadruplex,22,41,0.96854,0.13,0.25155
7Q6L,0.10097,0.31,,,0.57,0.32,0.23,0.27,0.32,0.46,0.26,0.4,22,Quadruplex,22,5,0.426401,0.07,0.21371
7QA2,0.14075,0.4,,,0.67,0.34,0.18,0.27,0.36,0.55,0.28,0.4,22,Quadruplex,22,17,0.310918,0.11,0.21769
7RWR,0.38245,0.67,0.84,0.0,0.66,0.64,0.37,0.6,0.76,0.82,0.54,0.59,38,Loop,38,77,5.69322,0.31,0.47046
7SHX,0.17544,0.59,0.56,0.26,0.63,0.2,0.11,0.16,0.21,0.33,0.48,0.65,94,Complex,94,12,0.618853,0.32,0.35912
7SXP,0.06271,0.3,,0.0,0.55,0.37,0.21,0.26,0.42,0.58,0.24,0.36,22,Quadruplex,22,11,0.351027,0.14,0.22235
7UGA,0.40508,0.9,0.87,,0.91,0.6,0.35,0.51,0.56,0.98,0.78,0.85,43,Loop,43,66,3.12947,0.33,0.44115
7UMC,0.34501,0.82,0.92,0.35,0.8,0.4,0.21,0.34,0.46,0.57,0.63,0.72,70,L-shaped,70,235,1.42697,0.31,0.41778
7UMD,0.29226,0.81,1.0,,0.77,0.48,0.3,0.38,0.5,0.75,0.65,0.74,40,L-shaped,40,14,1.26491,0.28,0.35078
7UME,0.39126,0.82,0.86,,0.83,0.82,0.57,0.75,0.96,1.0,0.67,0.76,28,Loop,28,27,1.51586,0.25,0.51294
7V06,0.31867,0.72,0.71,0.0,0.78,0.57,0.26,0.46,0.67,0.88,0.68,0.76,43,Loop,43,2087,1.50854,0.39,0.46901
7WIA,0.38924,0.82,0.92,0.45,0.82,0.24,0.16,0.22,0.26,0.31,0.75,0.76,50,Loop,50,71,1.22852,0.32,0.49617
8BTZ,0.28753,0.88,1.0,,0.83,0.17,0.09,0.13,0.18,0.28,0.74,0.76,238,Complex,238,2,0.129641,0.27,0.36102
8BU8,0.2378,0.86,0.98,0.0,0.83,0.14,0.06,0.11,0.14,0.23,0.65,0.76,354,Complex,354,2,0.106299,0.18,0.36292
8BWT,0.22597,0.91,0.95,,0.91,0.66,0.31,0.5,0.85,1.0,0.73,0.74,26,Loop,26,29,3.74255,0.29,0.32736
8CLR,0.24165,0.97,0.91,,1.0,0.91,0.64,1.0,1.0,1.0,0.78,0.88,14,TetraLoop,14,1,0.267261,0.01,0.41608
8CQ1,0.45643,0.9,1.0,,0.85,0.7,0.3,0.52,0.98,1.0,0.77,0.82,44,Loop,44,17,0.332238,0.39,0.48478
8FB3,0.36314,0.71,0.83,0.17,0.82,0.71,0.38,0.65,0.82,1.0,0.63,0.69,34,Loop,34,307,2.96818,0.36,0.46721
8FCS,0.67471,0.88,0.85,,0.89,0.74,0.39,0.7,0.9,0.96,0.83,0.86,71,Loop,71,923,26.2691,0.44,0.56747
8FZA,0.26184,0.67,0.94,0.0,0.75,0.75,0.34,0.69,0.97,1.0,0.66,0.7,30,Complex,30,130,2.84942,0.28,0.44683
8HB8,0.22502,0.61,0.82,0.0,0.65,0.35,0.2,0.27,0.4,0.55,0.37,0.55,55,Complex,55,35,1.98798,0.34,0.34484
8I43,0.19923,0.81,0.86,,0.83,0.58,0.32,0.53,0.63,0.84,0.51,0.8,19,Loop,19,2,0.229416,0.01,0.28083
8I44,0.21506,0.72,0.86,,0.69,0.67,0.42,0.53,0.74,1.0,0.69,0.84,19,Loop,19,2,0.229416,0.01,0.32711
8I45,0.20611,0.89,1.0,1.0,0.8,0.76,0.37,0.68,1.0,1.0,0.68,0.79,19,Loop,19,2,0.229416,0.01,0.2893
8I46,0.19182,0.9,1.0,,0.84,0.79,0.32,0.84,1.0,1.0,0.71,0.82,19,Loop,19,1,0.229416,0.01,0.28685
8ITS,0.3098,0.84,0.97,0.41,0.84,0.4,0.28,0.37,0.46,0.5,0.55,0.6,46,Loop,46,44,3.39772,0.27,0.36242
8JHP,0.21709,0.63,0.56,,0.67,0.56,0.26,0.41,0.67,0.89,0.49,0.56,27,Loop,27,40,2.93201,0.23,0.30613
8K2Z,0.55552,0.9,1.0,1.0,0.85,0.71,0.35,0.6,0.9,1.0,0.68,0.83,57,L-shaped,57,3835,94.7904,0.47,0.50856
8K30,0.61317,0.4,0.14,0.0,0.54,0.8,0.4,0.79,1.0,1.0,0.72,0.87,56,L-shaped,56,4153,133.441,0.5,0.56405
8K8B,0.23959,0.66,0.71,1.0,0.59,0.63,0.37,0.58,0.63,0.95,0.68,0.84,19,Loop,19,1,0.229416,0.01,0.40757
8KEB,0.66235,0.37,0.0,0.0,0.58,0.76,0.44,0.68,0.94,1.0,0.79,0.79,72,Loop,72,3945,83.6221,0.48,0.68851
8Q4O,0.13807,0.25,,,0.44,0.34,0.17,0.22,0.35,0.61,0.27,0.41,23,Quadruplex,23,4,0.208514,0.15,0.18369
8Q6N,0.33247,0.84,0.85,0.5,0.86,0.57,0.28,0.5,0.65,0.85,0.65,0.72,46,Loop,46,295,4.61645,0.33,0.54936
8QO2,0.46272,0.57,0.51,0.0,0.62,0.07,0.04,0.05,0.09,0.12,0.54,0.6,222,Complex,222,67,1.01534,0.23,0.41235
8QO3,0.48945,0.75,0.7,0.0,0.78,0.37,0.14,0.26,0.48,0.6,0.7,0.74,118,L-shaped,118,12,0.659745,0.22,0.4036
8QO4,0.40196,0.7,0.67,0.0,0.73,0.31,0.08,0.19,0.42,0.56,0.58,0.62,156,Complex,156,57,0.331625,0.28,0.44961
8QO5,0.42299,0.69,0.57,,0.75,0.33,0.12,0.27,0.42,0.52,0.67,0.71,145,L-shaped,145,106,0.415382,0.29,0.4097
8SCF,0.45615,0.82,0.91,,0.79,0.82,0.63,0.73,0.93,1.0,0.74,0.81,30,Loop,30,144,2.6225,0.32,0.50094
8SCH,0.34403,0.82,0.86,,0.8,0.42,0.31,0.35,0.43,0.57,0.73,0.77,68,Loop,68,457,32.5883,0.28,0.39111
8T5O,0.25107,0.41,0.0,0.0,0.59,0.19,0.13,0.17,0.19,0.27,0.43,0.47,124,Loop,124,9699,14.5406,0.26,0.36606
8TNS,0.1101,0.0,,,0.0,0.31,0.17,0.25,0.33,0.5,0.23,0.33,24,Quadruplex,24,8,0.262445,0.28,0.18641
8TVZ,0.25297,0.87,0.97,0.39,0.84,0.11,0.05,0.1,0.13,0.16,0.62,0.64,363,Complex,363,1,0.0524864,0.23,0.32543
8UPT,0.62407,0.77,0.79,0.52,0.79,0.16,0.11,0.13,0.18,0.22,0.68,0.78,71,L-shaped,71,4095,188.474,0.45,0.63427
8UTG,0.15968,0.26,0.0,,0.45,0.33,0.19,0.19,0.33,0.62,0.29,0.42,42,Quadruplex,21,2,0.218218,0.06,0.26499
8UYG,0.39278,0.86,0.93,0.0,0.84,0.29,0.12,0.22,0.35,0.47,,,135,Complex,135,50,0.412469,0.36,0.40504
8UYM,0.39602,0.84,0.87,,0.84,0.36,0.21,0.32,0.43,0.5,,,135,Complex,135,55,0.407737,0.32,0.42196
8UYP,0.43726,0.89,0.94,0.71,0.87,0.35,0.18,0.27,0.43,0.52,,,143,Complex,143,116,0.66996,0.16,0.46527
8V1H,0.57092,0.35,0.11,0.0,0.48,0.19,0.16,0.17,0.2,0.24,0.77,0.89,75,L-shaped,75,1326,10.7762,0.56,0.49654
8V1I,0.61837,0.36,0.0,0.0,0.53,0.78,0.38,0.8,0.93,1.0,0.72,0.84,57,L-shaped,57,3716,92.951,0.47,0.54171
8VCI,0.27375,0.83,0.91,0.0,0.82,0.23,0.14,0.18,0.27,0.31,0.61,0.65,118,Complex,118,57,2.57761,0.28,0.3852
8VT5,0.68961,0.87,0.98,0.5,0.84,0.8,0.39,0.83,1.0,1.0,0.69,0.87,60,L-shaped,60,2596,86.6046,0.49,0.5276
8XZL,0.27199,0.82,0.92,0.58,0.8,0.39,0.25,0.31,0.46,0.56,0.62,0.68,53,Loop,53,72,1.55539,0.29,0.45627
8ZAU,0.35335,0.72,0.82,0.0,0.71,0.39,0.25,0.35,0.4,0.56,0.58,0.63,69,L-shaped,69,13,1.10354,0.28,0.41859
9BLM,0.44052,0.83,0.98,0.71,0.77,0.55,0.24,0.4,0.64,0.92,0.79,0.86,68,Loop,68,231,4.06194,0.4,0.52925
9BUN,0.21178,0.74,0.87,0.0,0.72,0.36,0.27,0.31,0.38,0.48,0.48,0.54,192,Complex,48,19,2.59808,0.3,0.44394
9DE6,0.43479,0.89,0.98,,0.85,0.33,0.21,0.25,0.34,0.52,0.73,0.71,57,Loop,57,4575,3.5827,0.34,0.56282
9DE7,0.50035,0.93,0.98,1.0,0.9,0.46,0.19,0.32,0.47,0.84,0.8,0.76,58,Loop,58,4371,3.94147,0.37,0.52481
9ECQ,0.35831,0.98,1.0,,0.96,0.87,0.65,0.82,1.0,1.0,0.75,0.83,17,Loop,17,1,0.242536,0.02,0.49711
9ECR,0.41407,0.86,0.83,,0.87,0.64,0.31,0.56,0.69,1.0,0.64,0.72,17,Loop,17,1,0.242536,0.02,0.53781
9EOW,0.21778,0.8,0.96,,0.74,0.33,0.24,0.28,0.34,0.45,0.7,0.81,29,IntraLoop,29,11,0.185695,0.3,0.30813
9EWW,0.2224,0.74,0.91,0.16,0.72,0.2,0.13,0.15,0.2,0.32,0.46,0.49,120,L-shaped,120,350,7.75368,0.31,0.35472
9FM4,0.24104,0.79,1.0,,0.69,0.69,0.36,0.6,0.8,1.0,0.67,0.78,25,Loop,25,33,1.417,0.23,0.33679
9FO8,0.22161,0.77,1.0,,0.67,0.6,0.31,0.45,0.66,0.97,0.59,0.76,29,Loop,29,48,0.984255,0.31,0.29635
9FO9,0.26401,0.77,0.93,,0.72,0.54,0.3,0.42,0.55,0.88,0.6,0.75,33,Loop,33,60,1.33322,0.32,0.31832
9G7C,0.31392,0.78,0.91,0.27,0.77,0.18,0.08,0.17,0.2,0.28,0.55,0.6,224,Complex,224,1540,15.6021,0.24,0.33574
9IO0,0.20246,0.92,1.0,,0.92,0.54,0.26,0.37,0.63,0.9,0.8,0.88,19,Loop,19,2,0.229416,0.01,0.32854
9IO1,0.14843,0.74,1.0,0.0,0.66,0.59,0.26,0.47,0.68,0.95,0.68,0.78,19,Loop,19,1,0.229416,0.01,0.29487
9IOR,0.23935,0.82,1.0,,0.76,0.59,0.32,0.37,0.74,0.95,0.76,0.94,19,Loop,19,1,0.229416,0.02,0.28137
9IOS,0.18702,0.93,1.0,1.0,0.89,0.5,0.26,0.37,0.53,0.84,0.7,0.77,19,Loop,19,2,0.229416,0.02,0.29224
9IOU,0.17398,0.85,1.0,1.0,0.76,0.49,0.26,0.32,0.53,0.84,0.71,0.82,19,Loop,19,1,0.229416,0.01,0.2967
R1205,0.30023,0.6,0.55,,0.65,0.4,0.29,0.38,0.44,0.47,0.41,0.44,59,Complex,59,19,0.664464,0.3,0.39456
R1209,0.3027,0.78,0.84,,0.76,0.33,0.25,0.29,0.38,0.42,0.6,0.61,72,Complex,72,1923,2.81855,0.24,0.36336
R1211,0.47669,0.88,0.96,0.5,0.84,0.48,0.3,0.38,0.59,0.64,0.63,0.69,90,Loop,90,2269,4.18309,0.38,0.45016
R1212,0.23588,0.22,0.0,0.0,0.32,0.23,0.14,0.2,0.26,0.31,0.39,0.56,247,Complex,247,74,0.91244,0.22,0.40192
R1248,0.28572,0.39,0.0,0.0,0.57,0.06,0.04,0.06,0.07,0.09,0.18,0.23,407,Complex,407,101,3.17057,0.22,0.33243
R1263,0.304,0.86,0.88,0.82,0.86,0.41,0.17,0.27,0.53,0.67,0.63,0.68,64,Loop,64,2347,58.8498,0.4,0.92993
R1271,0.74432,0.82,0.89,0.75,0.8,0.76,0.4,0.75,0.88,1.0,0.73,0.8,77,L-shaped,77,17463,161.281,0.57,0.71314
R1288,0.29578,0.68,0.68,0.29,0.72,0.48,0.29,0.35,0.49,0.76,0.64,0.64,58,L-shaped,58,33,3.46868,0.29,0.3882
R1293,0.35571,0.68,0.64,0.29,0.72,0.33,0.22,0.27,0.4,0.44,0.55,0.6,82,L-shaped,82,24,0.891995,0.25,0.46122
R1296,0.32625,0.86,0.92,0.0,0.84,0.38,0.25,0.31,0.44,0.51,0.69,0.72,72,L-shaped,72,1911,2.88311,0.24,0.42628