PDB_ID,TM-scoreRNA,INF-ALL,INF-WC,INF-NWC,INF-STACK,GDT-TS,GDT-TS@1,GDT-TS@2,GDT-TS@4,GDT-TS@8,lddt,C-lddt,length,rnatype,MSA_length,MSA_depth,Neff,method
7EXY,0.22726,0.84,1.0,,0.82,0.64,0.38,0.56,0.69,0.94,0.48,0.56,16.0,Quadruplex,16.0,1.0,0.25,af3
7KUB,0.36302,0.88,0.96,0.0,0.86,0.22,0.15,0.2,0.23,0.3,0.71,0.75,60.0,Loop,60.0,238.0,6.66719,af3
7KUC,0.46535,0.97,1.0,,0.96,0.88,0.69,0.88,0.94,1.0,0.78,0.9,16.0,Loop,16.0,1.0,0.25,af3
7KUD,0.38398,0.82,1.0,,0.78,0.86,0.69,0.77,1.0,1.0,0.42,0.88,13.0,Loop,13.0,1.0,0.27735,af3
7MKT,0.06505,0.0,,0.0,0.0,0.3,0.13,0.26,0.35,0.48,0.26,0.3,23.0,Quadruplex,23.0,4.0,0.208514,af3
7PS8,0.13037,0.25,,,0.39,0.32,0.17,0.26,0.35,0.48,0.22,0.3,23.0,Quadruplex,23.0,31.0,0.212046,af3
7Q48,0.10714,0.33,,,0.58,0.31,0.18,0.23,0.27,0.55,0.25,0.34,22.0,Quadruplex,22.0,41.0,0.96854,af3
7Q6L,0.10097,0.31,,,0.57,0.32,0.23,0.27,0.32,0.46,0.26,0.4,22.0,Quadruplex,22.0,5.0,0.426401,af3
7QA2,0.14075,0.4,,,0.67,0.34,0.18,0.27,0.36,0.55,0.28,0.4,22.0,Quadruplex,22.0,17.0,0.310918,af3
7RWR,0.38245,0.67,0.84,0.0,0.66,0.64,0.37,0.6,0.76,0.82,0.54,0.59,38.0,Loop,38.0,77.0,5.69322,af3
7SHX,0.17544,0.59,0.56,0.26,0.63,0.2,0.11,0.16,0.21,0.33,0.48,0.65,94.0,Complex,94.0,12.0,0.618853,af3
7SXP,0.06271,0.3,,0.0,0.55,0.37,0.21,0.26,0.42,0.58,0.24,0.36,22.0,Quadruplex,22.0,11.0,0.351027,af3
7UGA,0.40508,0.9,0.87,,0.91,0.6,0.35,0.51,0.56,0.98,0.78,0.85,43.0,Loop,43.0,66.0,3.12947,af3
7UMC,0.34501,0.82,0.92,0.35,0.8,0.4,0.21,0.34,0.46,0.57,0.63,0.72,70.0,L-shaped,70.0,235.0,1.42697,af3
7UMD,0.29226,0.81,1.0,,0.77,0.48,0.3,0.38,0.5,0.75,0.65,0.74,40.0,L-shaped,40.0,14.0,1.26491,af3
7UME,0.39126,0.82,0.86,,0.83,0.82,0.57,0.75,0.96,1.0,0.67,0.76,28.0,Loop,28.0,27.0,1.51586,af3
7V06,0.31867,0.72,0.71,0.0,0.78,0.57,0.26,0.46,0.67,0.88,0.68,0.76,43.0,Loop,43.0,2087.0,1.50854,af3
7WIA,0.38924,0.82,0.92,0.45,0.82,0.24,0.16,0.22,0.26,0.31,0.75,0.76,50.0,Loop,50.0,71.0,1.22852,af3
8BTZ,0.28753,0.88,1.0,,0.83,0.17,0.09,0.13,0.18,0.28,0.74,0.76,238.0,Complex,238.0,2.0,0.129641,af3
8BU8,0.2378,0.86,0.98,0.0,0.83,0.14,0.06,0.11,0.14,0.23,0.65,0.76,354.0,Complex,354.0,2.0,0.106299,af3
8BWT,0.22597,0.91,0.95,,0.91,0.66,0.31,0.5,0.85,1.0,0.73,0.74,26.0,Loop,26.0,29.0,3.74255,af3
8CLR,0.24165,0.97,0.91,,1.0,0.91,0.64,1.0,1.0,1.0,0.78,0.88,14.0,TetraLoop,14.0,1.0,0.267261,af3
8CQ1,0.45643,0.9,1.0,,0.85,0.7,0.3,0.52,0.98,1.0,0.77,0.82,44.0,Loop,44.0,17.0,0.332238,af3
8FB3,0.36314,0.71,0.83,0.17,0.82,0.71,0.38,0.65,0.82,1.0,0.63,0.69,34.0,Loop,34.0,307.0,2.96818,af3
8FCS,0.67471,0.88,0.85,,0.89,0.74,0.39,0.7,0.9,0.96,0.83,0.86,71.0,Loop,71.0,923.0,26.2691,af3
8FZA,0.26184,0.67,0.94,0.0,0.75,0.75,0.34,0.69,0.97,1.0,0.66,0.7,30.0,Complex,30.0,130.0,2.84942,af3
8HB8,0.22502,0.61,0.82,0.0,0.65,0.35,0.2,0.27,0.4,0.55,0.37,0.55,55.0,Complex,55.0,35.0,1.98798,af3
8I43,0.19923,0.81,0.86,,0.83,0.58,0.32,0.53,0.63,0.84,0.51,0.8,19.0,Loop,19.0,2.0,0.229416,af3
8I44,0.21506,0.72,0.86,,0.69,0.67,0.42,0.53,0.74,1.0,0.69,0.84,19.0,Loop,19.0,2.0,0.229416,af3
8I45,0.20611,0.89,1.0,1.0,0.8,0.76,0.37,0.68,1.0,1.0,0.68,0.79,19.0,Loop,19.0,2.0,0.229416,af3
8I46,0.19182,0.9,1.0,,0.84,0.79,0.32,0.84,1.0,1.0,0.71,0.82,19.0,Loop,19.0,1.0,0.229416,af3
8ITS,0.3098,0.84,0.97,0.41,0.84,0.4,0.28,0.37,0.46,0.5,0.55,0.6,46.0,Loop,46.0,44.0,3.39772,af3
8JHP,0.21709,0.63,0.56,,0.67,0.56,0.26,0.41,0.67,0.89,0.49,0.56,27.0,Loop,27.0,40.0,2.93201,af3
8K2Z,0.55552,0.9,1.0,1.0,0.85,0.71,0.35,0.6,0.9,1.0,0.68,0.83,57.0,L-shaped,57.0,3835.0,94.7904,af3
8K30,0.61317,0.4,0.14,0.0,0.54,0.8,0.4,0.79,1.0,1.0,0.72,0.87,56.0,L-shaped,56.0,4153.0,133.441,af3
8K8B,0.23959,0.66,0.71,1.0,0.59,0.63,0.37,0.58,0.63,0.95,0.68,0.84,19.0,Loop,19.0,1.0,0.229416,af3
8KEB,0.66235,0.37,0.0,0.0,0.58,0.76,0.44,0.68,0.94,1.0,0.79,0.79,72.0,Loop,72.0,3945.0,83.6221,af3
8Q4O,0.13807,0.25,,,0.44,0.34,0.17,0.22,0.35,0.61,0.27,0.41,23.0,Quadruplex,23.0,4.0,0.208514,af3
8Q6N,0.33247,0.84,0.85,0.5,0.86,0.57,0.28,0.5,0.65,0.85,0.65,0.72,46.0,Loop,46.0,295.0,4.61645,af3
8QO2,0.46272,0.57,0.51,0.0,0.62,0.07,0.04,0.05,0.09,0.12,0.54,0.6,222.0,Complex,222.0,67.0,1.01534,af3
8QO3,0.48945,0.75,0.7,0.0,0.78,0.37,0.14,0.26,0.48,0.6,0.7,0.74,118.0,L-shaped,118.0,12.0,0.659745,af3
8QO4,0.40196,0.7,0.67,0.0,0.73,0.31,0.08,0.19,0.42,0.56,0.58,0.62,156.0,Complex,156.0,57.0,0.331625,af3
8QO5,0.42299,0.69,0.57,,0.75,0.33,0.12,0.27,0.42,0.52,0.67,0.71,145.0,L-shaped,145.0,106.0,0.415382,af3
8SCF,0.45615,0.82,0.91,,0.79,0.82,0.63,0.73,0.93,1.0,0.74,0.81,30.0,Loop,30.0,144.0,2.6225,af3
8SCH,0.34403,0.82,0.86,,0.8,0.42,0.31,0.35,0.43,0.57,0.73,0.77,68.0,Loop,68.0,457.0,32.5883,af3
8T5O,0.25107,0.41,0.0,0.0,0.59,0.19,0.13,0.17,0.19,0.27,0.43,0.47,124.0,Loop,124.0,9699.0,14.5406,af3
8TNS,0.1101,0.0,,,0.0,0.31,0.17,0.25,0.33,0.5,0.23,0.33,24.0,Quadruplex,24.0,8.0,0.262445,af3
8TVZ,0.25297,0.87,0.97,0.39,0.84,0.11,0.05,0.1,0.13,0.16,0.62,0.64,363.0,Complex,363.0,1.0,0.0524864,af3
8UPT,0.62407,0.77,0.79,0.52,0.79,0.16,0.11,0.13,0.18,0.22,0.68,0.78,71.0,L-shaped,71.0,4095.0,188.474,af3
8UTG,0.15968,0.26,0.0,,0.45,0.33,0.19,0.19,0.33,0.62,0.29,0.42,42.0,Quadruplex,21.0,2.0,0.218218,af3
8UYG,0.39278,0.86,0.93,0.0,0.84,0.29,0.12,0.22,0.35,0.47,,,135.0,Complex,135.0,50.0,0.412469,af3
8UYM,0.39602,0.84,0.87,,0.84,0.36,0.21,0.32,0.43,0.5,,,135.0,Complex,135.0,55.0,0.407737,af3
8UYP,0.43726,0.89,0.94,0.71,0.87,0.35,0.18,0.27,0.43,0.52,,,143.0,Complex,143.0,116.0,0.66996,af3
8V1H,0.57092,0.35,0.11,0.0,0.48,0.19,0.16,0.17,0.2,0.24,0.77,0.89,75.0,L-shaped,75.0,1326.0,10.7762,af3
8V1I,0.61837,0.36,0.0,0.0,0.53,0.78,0.38,0.8,0.93,1.0,0.72,0.84,57.0,L-shaped,57.0,3716.0,92.951,af3
8VCI,0.27375,0.83,0.91,0.0,0.82,0.23,0.14,0.18,0.27,0.31,0.61,0.65,118.0,Complex,118.0,57.0,2.57761,af3
8VT5,0.68961,0.87,0.98,0.5,0.84,0.8,0.39,0.83,1.0,1.0,0.69,0.87,60.0,L-shaped,60.0,2596.0,86.6046,af3
8XZL,0.27199,0.82,0.92,0.58,0.8,0.39,0.25,0.31,0.46,0.56,0.62,0.68,53.0,Loop,53.0,72.0,1.55539,af3
8ZAU,0.35335,0.72,0.82,0.0,0.71,0.39,0.25,0.35,0.4,0.56,0.58,0.63,69.0,L-shaped,69.0,13.0,1.10354,af3
9BLM,0.44052,0.83,0.98,0.71,0.77,0.55,0.24,0.4,0.64,0.92,0.79,0.86,68.0,Loop,68.0,231.0,4.06194,af3
9BUN,0.21178,0.74,0.87,0.0,0.72,0.36,0.27,0.31,0.38,0.48,0.48,0.54,192.0,Complex,48.0,19.0,2.59808,af3
9DE6,0.43479,0.89,0.98,,0.85,0.33,0.21,0.25,0.34,0.52,0.73,0.71,57.0,Loop,57.0,4575.0,3.5827,af3
9DE7,0.50035,0.93,0.98,1.0,0.9,0.46,0.19,0.32,0.47,0.84,0.8,0.76,58.0,Loop,58.0,4371.0,3.94147,af3
9ECQ,0.35831,0.98,1.0,,0.96,0.87,0.65,0.82,1.0,1.0,0.75,0.83,17.0,Loop,17.0,1.0,0.242536,af3
9ECR,0.41407,0.86,0.83,,0.87,0.64,0.31,0.56,0.69,1.0,0.64,0.72,17.0,Loop,17.0,1.0,0.242536,af3
9EOW,0.21778,0.8,0.96,,0.74,0.33,0.24,0.28,0.34,0.45,0.7,0.81,29.0,IntraLoop,29.0,11.0,0.185695,af3
9EWW,0.2224,0.74,0.91,0.16,0.72,0.2,0.13,0.15,0.2,0.32,0.46,0.49,120.0,L-shaped,120.0,350.0,7.75368,af3
9FM4,0.24104,0.79,1.0,,0.69,0.69,0.36,0.6,0.8,1.0,0.67,0.78,25.0,Loop,25.0,33.0,1.417,af3
9FO8,0.22161,0.77,1.0,,0.67,0.6,0.31,0.45,0.66,0.97,0.59,0.76,29.0,Loop,29.0,48.0,0.984255,af3
9FO9,0.26401,0.77,0.93,,0.72,0.54,0.3,0.42,0.55,0.88,0.6,0.75,33.0,Loop,33.0,60.0,1.33322,af3
9G7C,0.31392,0.78,0.91,0.27,0.77,0.18,0.08,0.17,0.2,0.28,0.55,0.6,224.0,Complex,224.0,1540.0,15.6021,af3
9IO0,0.20246,0.92,1.0,,0.92,0.54,0.26,0.37,0.63,0.9,0.8,0.88,19.0,Loop,19.0,2.0,0.229416,af3
9IO1,0.14843,0.74,1.0,0.0,0.66,0.59,0.26,0.47,0.68,0.95,0.68,0.78,19.0,Loop,19.0,1.0,0.229416,af3
9IOR,0.23935,0.82,1.0,,0.76,0.59,0.32,0.37,0.74,0.95,0.76,0.94,19.0,Loop,19.0,1.0,0.229416,af3
9IOS,0.18702,0.93,1.0,1.0,0.89,0.5,0.26,0.37,0.53,0.84,0.7,0.77,19.0,Loop,19.0,2.0,0.229416,af3
9IOU,0.17398,0.85,1.0,1.0,0.76,0.49,0.26,0.32,0.53,0.84,0.71,0.82,19.0,Loop,19.0,1.0,0.229416,af3
R1205,0.30023,0.6,0.55,,0.65,0.4,0.29,0.38,0.44,0.47,0.41,0.44,59.0,Complex,59.0,19.0,0.664464,af3
R1209,0.3027,0.78,0.84,,0.76,0.33,0.25,0.29,0.38,0.42,0.6,0.61,72.0,Complex,72.0,1923.0,2.81855,af3
R1211,0.47669,0.88,0.96,0.5,0.84,0.48,0.3,0.38,0.59,0.64,0.63,0.69,90.0,Loop,90.0,2269.0,4.18309,af3
R1212,0.23588,0.22,0.0,0.0,0.32,0.23,0.14,0.2,0.26,0.31,0.39,0.56,247.0,Complex,247.0,74.0,0.91244,af3
R1248,0.28572,0.39,0.0,0.0,0.57,0.06,0.04,0.06,0.07,0.09,0.18,0.23,407.0,Complex,407.0,101.0,3.17057,af3
R1263,0.304,0.86,0.88,0.82,0.86,0.41,0.17,0.27,0.53,0.67,0.63,0.68,64.0,Loop,64.0,2347.0,58.8498,af3
R1271,0.74432,0.82,0.89,0.75,0.8,0.76,0.4,0.75,0.88,1.0,0.73,0.8,77.0,L-shaped,77.0,17463.0,161.281,af3
R1288,0.29578,0.68,0.68,0.29,0.72,0.48,0.29,0.35,0.49,0.76,0.64,0.64,58.0,L-shaped,58.0,33.0,3.46868,af3
R1293,0.35571,0.68,0.64,0.29,0.72,0.33,0.22,0.27,0.4,0.44,0.55,0.6,82.0,L-shaped,82.0,24.0,0.891995,af3
R1296,0.32625,0.86,0.92,0.0,0.84,0.38,0.25,0.31,0.44,0.51,0.69,0.72,72.0,L-shaped,72.0,1911.0,2.88311,af3
7EXY,0.27096,0.81,1.0,1.0,0.73,0.75,0.44,0.62,0.94,1.0,0.11,0.69,,,,,,boltz
7KUB,0.39686,0.81,0.83,,0.82,0.24,0.17,0.22,0.27,0.3,0.68,0.74,,,,,,boltz
7KUC,0.33929,0.95,1.0,,0.93,0.86,0.56,0.88,1.0,1.0,0.64,0.85,,,,,,boltz
7KUD,0.27041,0.76,1.0,,0.7,0.83,0.54,0.77,1.0,1.0,0.69,0.82,,,,,,boltz
7MKT,0.10619,0.0,,0.0,0.0,0.29,0.17,0.22,0.3,0.48,0.04,0.32,,,,,,boltz
7PS8,0.10516,0.31,,0.0,0.54,0.45,0.17,0.3,0.44,0.87,0.1,0.42,,,,,,boltz
7Q48,0.12714,0.45,,0.14,0.74,0.38,0.18,0.32,0.41,0.59,0.14,0.41,,,,,,boltz
7Q6L,0.14818,0.36,,0.0,0.69,0.39,0.18,0.32,0.46,0.59,0.22,0.44,,,,,,boltz
7QA2,0.15234,0.49,,0.12,0.84,0.43,0.23,0.36,0.46,0.68,0.23,0.46,,,,,,boltz
7RWR,0.44787,0.68,0.81,0.0,0.69,0.7,0.5,0.68,0.71,0.92,0.54,0.6,,,,,,boltz
7SHX,0.24919,0.7,0.71,0.0,0.73,0.21,0.14,0.15,0.2,0.34,0.5,0.65,,,,,,boltz
7SXP,0.23686,0.43,,0.32,0.59,0.54,0.21,0.42,0.63,0.9,0.12,0.7,,,,,,boltz
7UGA,0.32635,0.85,0.69,,0.91,0.47,0.33,0.42,0.54,0.6,0.66,0.77,,,,,,boltz
7UMC,0.41391,0.83,0.92,0.41,0.81,0.51,0.21,0.34,0.66,0.84,0.71,0.77,,,,,,boltz
7UMD,0.29686,0.82,1.0,,0.74,0.57,0.32,0.4,0.65,0.9,0.6,0.74,,,,,,boltz
7UME,0.36121,0.81,0.86,,0.83,0.78,0.5,0.71,0.89,1.0,0.67,0.71,,,,,,boltz
7V06,0.389,0.74,0.76,,0.77,0.61,0.35,0.44,0.67,0.98,0.75,0.78,,,,,,boltz
7WIA,0.3466,0.79,0.9,0.45,0.78,0.24,0.14,0.22,0.26,0.33,0.73,0.74,,,,,,boltz
8BTZ,0.22254,0.87,0.99,0.2,0.83,0.13,0.08,0.12,0.14,0.2,0.63,0.75,,,,,,boltz
8BU8,0.35885,0.87,0.96,0.0,0.84,0.2,0.05,0.11,0.26,0.39,0.57,0.82,,,,,,boltz
8BWT,0.21981,0.89,0.95,,0.86,0.65,0.31,0.5,0.81,1.0,0.74,0.75,,,,,,boltz
8CLR,0.22713,0.97,1.0,,0.95,0.88,0.57,0.93,1.0,1.0,0.75,0.91,,,,,,boltz
8CQ1,0.42347,0.9,1.0,,0.85,0.71,0.34,0.57,0.93,1.0,0.73,0.8,,,,,,boltz
8FB3,0.37594,0.68,0.68,0.24,0.79,0.76,0.35,0.74,0.94,1.0,0.42,0.73,,,,,,boltz
8FCS,0.615,0.85,0.85,,0.85,0.69,0.3,0.68,0.89,0.9,0.8,0.82,,,,,,boltz
8FZA,0.19618,0.37,0.36,0.0,0.5,0.46,0.28,0.38,0.55,0.62,0.19,0.43,,,,,,boltz
8HB8,0.19319,0.59,0.79,0.0,0.61,0.24,0.14,0.24,0.26,0.33,0.29,0.46,,,,,,boltz
8I43,0.19486,0.78,0.86,,0.78,0.6,0.32,0.53,0.63,0.95,0.77,0.86,,,,,,boltz
8I44,0.21954,0.81,0.94,,0.78,0.67,0.37,0.53,0.79,1.0,0.8,0.86,,,,,,boltz
8I45,0.19284,0.83,1.0,,0.78,0.71,0.32,0.63,0.9,1.0,0.58,0.83,,,,,,boltz
8I46,0.21902,0.9,1.0,,0.84,0.71,0.42,0.63,0.79,1.0,0.74,0.8,,,,,,boltz
8ITS,0.26224,0.85,0.97,0.58,0.84,0.35,0.24,0.3,0.39,0.46,0.49,0.58,,,,,,boltz
8JHP,0.25444,0.65,0.56,1.0,0.67,0.61,0.3,0.48,0.67,1.0,0.5,0.63,,,,,,boltz
8K2Z,0.58768,0.63,0.7,0.5,0.6,0.75,0.37,0.65,1.0,1.0,0.4,0.82,,,,,,boltz
8K30,0.37553,0.24,0.1,0.0,0.33,0.51,0.35,0.52,0.58,0.6,0.4,0.62,,,,,,boltz
8K8B,0.20711,0.78,1.0,1.0,0.63,0.67,0.37,0.53,0.84,0.95,0.7,0.82,,,,,,boltz
8KEB,0.60309,0.37,0.0,0.0,0.56,0.69,0.31,0.55,0.89,1.0,0.56,0.73,,,,,,boltz
8Q4O,0.11463,0.31,,0.0,0.71,0.32,0.17,0.26,0.35,0.48,0.03,0.44,,,,,,boltz
8Q6N,0.54981,0.87,0.91,0.5,0.89,0.78,0.35,0.78,1.0,1.0,0.64,0.79,,,,,,boltz
8QO2,0.24538,0.55,0.45,0.0,0.6,0.07,0.04,0.05,0.08,0.09,0.34,0.55,,,,,,boltz
8QO3,0.41034,0.76,0.72,0.0,0.79,0.35,0.15,0.29,0.44,0.52,0.68,0.74,,,,,,boltz
8QO4,0.41335,0.67,0.64,0.0,0.7,0.26,0.09,0.15,0.31,0.5,0.46,0.62,,,,,,boltz
8QO5,0.31311,0.64,0.42,,0.72,0.21,0.08,0.16,0.23,0.39,0.48,0.65,,,,,,boltz
8SCF,0.41437,0.82,0.91,,0.78,0.82,0.63,0.73,0.9,1.0,0.78,0.78,,,,,,boltz
8SCH,0.29319,0.83,0.91,,0.79,0.39,0.22,0.32,0.43,0.6,0.64,0.75,,,,,,boltz
8T5O,0.30955,0.41,0.0,0.0,0.58,0.26,0.14,0.2,0.28,0.4,0.38,0.55,,,,,,boltz
8TNS,0.14566,0.0,,,0.0,0.29,0.17,0.17,0.33,0.5,0.28,0.35,,,,,,boltz
8TVZ,0.44026,0.82,0.91,0.0,0.8,0.17,0.05,0.11,0.18,0.33,0.44,0.65,,,,,,boltz
8UPT,0.66113,0.74,0.79,0.45,0.75,0.16,0.1,0.13,0.17,0.22,0.69,0.76,,,,,,boltz
8UTG,0.16531,0.43,,0.17,0.63,0.48,0.24,0.38,0.48,0.81,0.16,0.45,,,,,,boltz
8UYG,0.36566,0.79,0.9,0.0,0.76,0.31,0.13,0.24,0.38,0.47,,,,,,,,boltz
8UYM,0.40098,0.78,0.78,0.0,0.81,0.33,0.16,0.33,0.38,0.45,,,,,,,,boltz
8UYP,0.31299,0.74,0.73,0.35,0.75,0.25,0.13,0.2,0.29,0.39,,,,,,,,boltz
8V1H,0.59434,0.33,0.11,0.0,0.46,0.18,0.13,0.17,0.2,0.24,0.61,0.85,,,,,,boltz
8V1I,0.56803,0.33,0.0,0.0,0.5,0.75,0.34,0.69,0.95,1.0,0.42,0.77,,,,,,boltz
8VCI,0.36171,0.81,0.89,0.0,0.79,0.28,0.14,0.18,0.3,0.48,0.52,0.66,,,,,,boltz
8VT5,0.67695,0.87,0.98,0.5,0.83,0.8,0.44,0.78,0.97,1.0,0.56,0.85,,,,,,boltz
8XZL,0.40012,0.83,0.89,0.41,0.85,0.59,0.25,0.48,0.69,0.92,0.63,0.71,,,,,,boltz
8ZAU,0.29659,0.74,0.88,0.0,0.73,0.34,0.22,0.29,0.38,0.46,0.49,0.62,,,,,,boltz
9BLM,0.51669,0.89,0.98,0.58,0.87,0.62,0.31,0.43,0.73,1.0,0.78,0.85,,,,,,boltz
9BUN,0.38283,0.76,0.87,0.0,0.78,0.55,0.33,0.5,0.6,0.75,0.44,0.65,,,,,,boltz
9DE6,0.26276,0.38,0.0,,0.58,0.34,0.2,0.27,0.39,0.48,0.21,0.46,,,,,,boltz
9DE7,0.44777,0.88,0.93,,0.87,0.46,0.18,0.26,0.44,0.95,0.73,0.75,,,,,,boltz
9ECQ,0.50386,0.92,1.0,,0.88,0.9,0.71,0.88,1.0,1.0,0.76,0.84,,,,,,boltz
9ECR,0.37967,0.73,0.73,,0.73,0.67,0.38,0.56,0.75,1.0,0.66,0.75,,,,,,boltz
9EOW,0.20014,0.85,1.0,,0.79,0.32,0.21,0.28,0.34,0.45,0.56,0.84,,,,,,boltz
9EWW,0.26513,0.68,0.72,0.0,0.72,0.2,0.13,0.15,0.18,0.34,0.39,0.46,,,,,,boltz
9FM4,0.2416,0.78,0.94,,0.72,0.68,0.32,0.56,0.84,1.0,0.64,0.79,,,,,,boltz
9FO8,0.23082,0.76,1.0,,0.65,0.62,0.34,0.48,0.69,0.97,0.63,0.74,,,,,,boltz
9FO9,0.24704,0.76,0.93,,0.71,0.55,0.3,0.42,0.55,0.94,0.63,0.78,,,,,,boltz
9G7C,0.22116,0.66,0.68,0.12,0.67,0.15,0.08,0.12,0.19,0.21,0.33,0.48,,,,,,boltz
9IO0,0.24801,0.9,1.0,,0.89,0.54,0.21,0.37,0.68,0.9,0.81,0.9,,,,,,boltz
9IO1,0.21158,0.74,1.0,,0.63,0.53,0.21,0.42,0.58,0.9,0.75,0.82,,,,,,boltz
9IOR,0.2393,0.82,1.0,,0.76,0.53,0.26,0.37,0.58,0.9,0.8,0.92,,,,,,boltz
9IOS,0.22048,0.87,1.0,,0.84,0.51,0.32,0.37,0.53,0.84,0.74,0.83,,,,,,boltz
9IOU,0.17086,0.8,1.0,0.0,0.76,0.51,0.26,0.32,0.58,0.9,0.77,0.83,,,,,,boltz
R1205,0.25182,0.57,0.57,0.0,0.63,0.38,0.29,0.36,0.4,0.47,0.37,0.51,,,,,,boltz
R1209,0.30327,0.8,0.87,0.0,0.79,0.33,0.19,0.28,0.38,0.49,0.47,0.61,,,,,,boltz
R1211,0.41407,0.88,0.97,0.0,0.85,0.44,0.19,0.38,0.53,0.64,0.59,0.67,,,,,,boltz
R1212,0.239,0.26,0.0,0.0,0.38,0.21,0.14,0.2,0.24,0.28,0.42,0.56,,,,,,boltz
R1248,0.22022,0.38,0.0,0.0,0.55,0.05,0.03,0.04,0.06,0.1,0.0,0.18,,,,,,boltz
R1263,0.49274,0.92,1.0,1.0,0.89,0.62,0.31,0.5,0.72,0.94,0.55,0.8,,,,,,boltz
R1271,0.72539,0.82,0.91,1.0,0.77,0.76,0.38,0.73,0.94,0.99,0.57,0.8,,,,,,boltz
R1288,0.30832,0.68,0.68,0.41,0.7,0.49,0.24,0.33,0.53,0.86,0.62,0.64,,,,,,boltz
R1293,0.36727,0.76,0.85,0.22,0.76,0.44,0.2,0.32,0.45,0.78,0.48,0.66,,,,,,boltz
R1296,0.29787,0.83,0.97,0.0,0.79,0.35,0.21,0.29,0.43,0.47,0.57,0.68,,,,,,boltz
7EXY,0.20765,0.88,1.0,1.0,0.82,0.69,0.38,0.5,0.88,1.0,0.62,0.67,,,,,,chai
7KUB,0.33353,0.86,0.9,0.0,0.88,0.23,0.15,0.22,0.27,0.3,0.7,0.76,,,,,,chai
7KUC,0.33573,0.86,0.91,,0.83,0.88,0.56,0.94,1.0,1.0,0.75,0.88,,,,,,chai
7KUD,0.30498,0.9,1.0,,0.86,0.81,0.54,0.77,0.92,1.0,0.74,0.86,,,,,,chai
7MKT,0.11349,0.0,,,0.0,0.26,0.13,0.17,0.26,0.48,0.25,0.31,,,,,,chai
7PS8,0.14895,0.35,,,0.49,0.28,0.17,0.22,0.3,0.44,0.19,0.28,,,,,,chai
7Q48,0.12852,0.49,,,0.75,0.32,0.23,0.27,0.32,0.46,0.23,0.33,,,,,,chai
7Q6L,0.12497,0.36,,,0.6,0.32,0.23,0.27,0.32,0.46,0.28,0.44,,,,,,chai
7QA2,0.11873,0.46,,,0.69,0.33,0.18,0.32,0.32,0.5,0.25,0.36,,,,,,chai
7RWR,0.27836,0.69,0.84,0.0,0.68,0.57,0.26,0.45,0.68,0.87,0.52,0.58,,,,,,chai
7SHX,0.17696,0.62,0.73,0.0,0.59,0.2,0.11,0.15,0.24,0.32,0.54,0.64,,,,,,chai
7SXP,0.13791,0.33,,,0.6,0.38,0.26,0.26,0.37,0.63,0.23,0.38,,,,,,chai
7UGA,0.3167,0.84,0.87,,0.88,0.51,0.33,0.4,0.56,0.77,0.61,0.8,,,,,,chai
7UMC,0.31398,0.7,0.57,0.0,0.77,0.36,0.21,0.27,0.46,0.51,0.46,0.65,,,,,,chai
7UMD,0.34879,0.81,1.0,,0.72,0.59,0.32,0.45,0.7,0.9,0.57,0.73,,,,,,chai
7UME,0.40673,0.77,0.86,,0.78,0.8,0.57,0.68,0.93,1.0,0.66,0.75,,,,,,chai
7V06,0.48251,0.83,0.97,0.0,0.83,0.78,0.4,0.81,0.93,1.0,0.79,0.82,,,,,,chai
7WIA,0.32442,0.8,0.88,0.32,0.82,0.25,0.14,0.2,0.29,0.37,0.64,0.77,,,,,,chai
8BTZ,0.54226,0.89,1.0,0.58,0.84,0.34,0.11,0.19,0.43,0.65,0.77,0.82,,,,,,chai
8BU8,0.23294,0.83,0.9,0.0,0.82,0.12,0.06,0.1,0.16,0.19,0.61,0.75,,,,,,chai
8BWT,0.24246,0.89,0.95,,0.88,0.69,0.31,0.58,0.88,1.0,0.74,0.76,,,,,,chai
8CLR,0.25075,0.91,1.0,,0.86,0.88,0.5,1.0,1.0,1.0,0.7,0.82,,,,,,chai
8CQ1,0.38626,0.87,0.94,,0.84,0.68,0.25,0.52,0.93,1.0,0.75,0.79,,,,,,chai
8FB3,0.25761,0.46,0.0,0.0,0.64,0.26,0.15,0.18,0.32,0.41,0.25,0.37,,,,,,chai
8FCS,0.59979,0.88,0.86,,0.89,0.66,0.31,0.52,0.87,0.93,0.81,0.83,,,,,,chai
8FZA,0.18728,0.62,0.68,,0.75,0.47,0.28,0.41,0.55,0.66,0.41,0.47,,,,,,chai
8HB8,0.29295,0.56,0.74,0.0,0.59,0.4,0.22,0.33,0.44,0.6,0.31,0.56,,,,,,chai
8I43,0.16197,0.81,0.86,1.0,0.78,0.6,0.37,0.47,0.63,0.95,0.72,0.83,,,,,,chai
8I44,0.17371,0.74,0.86,,0.71,0.63,0.32,0.47,0.74,1.0,0.71,0.78,,,,,,chai
8I45,0.16642,0.8,0.86,,0.8,0.7,0.32,0.68,0.79,1.0,0.66,0.82,,,,,,chai
8I46,0.18004,0.85,1.0,,0.81,0.68,0.37,0.63,0.79,0.95,0.71,0.81,,,,,,chai
8ITS,0.28633,0.84,0.97,0.71,0.82,0.41,0.28,0.37,0.46,0.54,0.55,0.59,,,,,,chai
8JHP,0.24458,0.77,0.88,0.71,0.74,0.69,0.3,0.59,0.89,1.0,0.63,0.7,,,,,,chai
8K2Z,0.34971,0.76,0.85,0.71,0.74,0.51,0.26,0.33,0.6,0.84,0.56,0.64,,,,,,chai
8K30,0.53594,0.33,0.0,0.0,0.49,0.69,0.4,0.62,0.79,0.96,0.59,0.73,,,,,,chai
8K8B,0.17385,0.71,1.0,,0.59,0.57,0.21,0.42,0.68,0.95,0.64,0.72,,,,,,chai
8KEB,0.31577,0.39,0.0,0.0,0.6,0.37,0.2,0.3,0.38,0.61,0.54,0.61,,,,,,chai
8Q4O,0.10855,0.34,,,0.54,0.3,0.17,0.22,0.3,0.52,0.22,0.37,,,,,,chai
8Q6N,0.40027,0.76,0.69,,0.83,0.59,0.35,0.48,0.56,0.96,0.62,0.73,,,,,,chai
8QO2,0.22837,0.55,0.38,0.0,0.64,0.06,0.04,0.05,0.06,0.1,0.34,0.51,,,,,,chai
8QO3,0.39579,0.76,0.65,0.0,0.82,0.35,0.15,0.28,0.44,0.52,0.66,0.72,,,,,,chai
8QO4,0.27552,0.67,0.58,0.0,0.71,0.2,0.08,0.15,0.24,0.35,0.52,0.61,,,,,,chai
8QO5,0.23883,0.62,0.36,,0.71,0.19,0.08,0.17,0.23,0.3,0.47,0.61,,,,,,chai
8SCF,0.35514,0.81,0.86,,0.8,0.78,0.43,0.77,0.9,1.0,0.77,0.81,,,,,,chai
8SCH,0.3242,0.72,0.83,,0.68,0.38,0.26,0.34,0.41,0.5,0.62,0.74,,,,,,chai
8T5O,0.2834,0.44,0.0,0.0,0.62,0.19,0.12,0.17,0.21,0.26,0.37,0.47,,,,,,chai
8TNS,0.10459,0.0,,,0.0,0.34,0.17,0.25,0.38,0.58,0.28,0.35,,,,,,chai
8TVZ,0.41025,0.82,0.92,0.0,0.79,0.15,0.06,0.1,0.15,0.29,0.58,0.64,,,,,,chai
8UPT,0.40738,0.69,0.7,0.26,0.72,0.16,0.1,0.13,0.17,0.22,0.6,0.71,,,,,,chai
8UTG,0.05151,0.35,,,0.52,0.34,0.19,0.29,0.38,0.52,0.23,0.32,,,,,,chai
8UYG,0.30983,0.57,0.17,0.0,0.73,0.13,0.08,0.1,0.16,0.18,,,,,,,,chai
8UYM,0.27704,0.78,0.7,,0.82,0.24,0.12,0.17,0.27,0.41,,,,,,,,chai
8UYP,0.22662,0.77,0.82,0.25,0.78,0.2,0.13,0.18,0.22,0.27,,,,,,,,chai
8V1H,0.56451,0.33,0.0,0.0,0.48,0.19,0.14,0.17,0.2,0.24,0.7,0.72,,,,,,chai
8V1I,0.42743,0.4,0.0,0.0,0.56,0.55,0.33,0.46,0.58,0.82,0.63,0.65,,,,,,chai
8VCI,0.23514,0.8,0.88,0.0,0.8,0.22,0.14,0.17,0.26,0.32,0.6,0.67,,,,,,chai
8VT5,0.46968,0.76,0.86,0.41,0.72,0.59,0.29,0.48,0.68,0.92,0.45,0.7,,,,,,chai
8XZL,0.30423,0.79,0.92,0.58,0.77,0.42,0.27,0.35,0.52,0.56,0.59,0.68,,,,,,chai
8ZAU,0.3289,0.75,0.91,,0.71,0.34,0.24,0.29,0.35,0.47,0.46,0.59,,,,,,chai
9BLM,0.37959,0.62,0.33,0.5,0.76,0.33,0.21,0.28,0.33,0.49,0.5,0.59,,,,,,chai
9BUN,0.37039,0.67,0.69,0.0,0.69,0.54,0.27,0.52,0.65,0.71,0.47,0.59,,,,,,chai
9DE6,0.55175,0.88,0.96,,0.84,0.45,0.2,0.29,0.41,0.89,0.8,0.84,,,,,,chai
9DE7,0.48962,0.78,0.91,,0.74,0.43,0.19,0.25,0.46,0.82,0.76,0.74,,,,,,chai
9ECQ,0.37724,0.8,0.84,,0.82,0.85,0.71,0.76,0.94,1.0,0.78,0.8,,,,,,chai
9ECR,0.4179,0.74,0.73,,0.75,0.67,0.38,0.56,0.75,1.0,0.7,0.73,,,,,,chai
9EOW,0.16285,0.84,1.0,,0.78,0.3,0.17,0.24,0.34,0.45,0.71,0.77,,,,,,chai
9EWW,0.1944,0.47,0.0,0.0,0.66,0.09,0.06,0.08,0.1,0.13,0.22,0.28,,,,,,chai
9FM4,0.20345,0.73,1.0,,0.6,0.63,0.2,0.52,0.8,1.0,0.68,0.74,,,,,,chai
9FO8,0.1992,0.74,0.96,,0.63,0.53,0.28,0.38,0.59,0.9,0.62,0.73,,,,,,chai
9FO9,0.2359,0.8,0.93,,0.76,0.52,0.3,0.39,0.48,0.88,0.66,0.76,,,,,,chai
9G7C,0.22217,0.55,0.35,0.0,0.64,0.13,0.09,0.1,0.13,0.18,0.31,0.42,,,,,,chai
9IO0,0.18491,0.83,1.0,0.0,0.81,0.55,0.26,0.42,0.68,0.84,0.75,0.83,,,,,,chai
9IO1,0.14867,0.8,1.0,1.0,0.66,0.51,0.21,0.32,0.68,0.84,0.67,0.75,,,,,,chai
9IOR,0.24999,0.76,1.0,,0.66,0.57,0.32,0.42,0.68,0.84,0.7,0.8,,,,,,chai
9IOS,0.19625,0.9,0.93,0.71,0.92,0.49,0.32,0.37,0.47,0.79,0.77,0.84,,,,,,chai
9IOU,0.20248,0.76,1.0,,0.66,0.47,0.26,0.37,0.53,0.74,0.64,0.8,,,,,,chai
R1205,0.269,0.44,0.36,0.0,0.55,0.32,0.24,0.27,0.34,0.44,0.28,0.42,,,,,,chai
R1209,0.25469,0.76,0.9,,0.7,0.29,0.18,0.24,0.32,0.43,0.58,0.59,,,,,,chai
R1211,0.41496,0.86,0.92,0.0,0.85,0.41,0.19,0.32,0.47,0.68,0.62,0.68,,,,,,chai
R1212,0.24179,0.28,0.0,0.0,0.41,0.25,0.17,0.22,0.26,0.34,0.5,0.57,,,,,,chai
R1248,0.23926,0.45,0.0,0.0,0.64,0.06,0.04,0.06,0.07,0.08,0.13,0.2,,,,,,chai
R1263,0.27553,0.75,0.83,0.0,0.77,0.38,0.2,0.28,0.36,0.67,0.56,0.66,,,,,,chai
R1271,0.62939,0.79,0.89,0.58,0.77,0.69,0.23,0.6,0.92,1.0,0.73,0.78,,,,,,chai
R1288,0.24632,0.64,0.68,0.41,0.65,0.4,0.24,0.31,0.43,0.61,0.54,0.59,,,,,,chai
R1293,0.45625,0.71,0.81,0.29,0.69,0.42,0.16,0.26,0.49,0.78,0.54,0.64,,,,,,chai
R1296,0.26851,0.83,0.9,0.0,0.82,0.31,0.19,0.28,0.33,0.42,0.58,0.65,,,,,,chai
7EXY,0.25169,0.87,1.0,1.0,0.8,0.62,0.25,0.56,0.75,0.94,0.53,0.63,,,,,,hf3
7KUB,0.35902,0.85,0.92,,0.82,0.23,0.17,0.2,0.25,0.3,0.65,0.7,,,,,,hf3
7KUC,0.36668,0.95,1.0,,0.96,0.84,0.56,0.81,1.0,1.0,0.58,0.85,,,,,,hf3
7KUD,0.35551,0.8,0.89,,0.8,0.94,0.77,1.0,1.0,1.0,0.12,0.87,,,,,,hf3
7MKT,0.12008,0.0,,0.0,0.0,0.33,0.13,0.22,0.39,0.56,0.0,0.37,,,,,,hf3
7PS8,0.13334,0.21,,0.0,0.35,0.32,0.13,0.22,0.3,0.61,0.16,0.33,,,,,,hf3
7Q48,0.13898,0.34,,,0.58,0.3,0.14,0.23,0.27,0.55,0.18,0.32,,,,,,hf3
7Q6L,0.14837,0.32,,0.13,0.48,0.35,0.18,0.23,0.36,0.64,0.2,0.41,,,,,,hf3
7QA2,0.12574,0.46,,,0.69,0.34,0.23,0.32,0.32,0.5,0.25,0.35,,,,,,hf3
7RWR,0.28942,0.62,0.64,0.0,0.69,0.48,0.29,0.45,0.53,0.66,0.43,0.53,,,,,,hf3
7SHX,0.26902,0.65,0.73,0.26,0.64,0.2,0.11,0.17,0.21,0.3,0.56,0.67,,,,,,hf3
7SXP,0.0447,0.24,,0.0,0.58,0.47,0.21,0.37,0.53,0.79,0.0,0.44,,,,,,hf3
7UGA,0.31472,0.89,0.9,,0.89,0.55,0.3,0.42,0.56,0.91,0.67,0.77,,,,,,hf3
7UMC,0.29232,0.83,0.94,0.32,0.82,0.34,0.17,0.26,0.43,0.51,0.57,0.69,,,,,,hf3
7UMD,0.21713,0.71,1.0,,0.61,0.38,0.2,0.3,0.45,0.55,0.54,0.64,,,,,,hf3
7UME,0.22378,0.8,0.86,,0.83,0.64,0.32,0.54,0.71,1.0,0.59,0.7,,,,,,hf3
7V06,0.31508,0.8,0.94,,0.79,0.64,0.33,0.49,0.74,1.0,0.73,0.79,,,,,,hf3
7WIA,0.26068,0.73,0.85,0.32,0.71,0.19,0.12,0.14,0.22,0.26,0.55,0.71,,,,,,hf3
8BTZ,0.25987,0.9,0.99,0.72,0.85,0.19,0.13,0.16,0.21,0.27,0.76,0.78,,,,,,hf3
8BU8,0.35399,0.83,0.96,0.0,0.78,0.16,0.05,0.1,0.16,0.32,0.26,0.72,,,,,,hf3
8BWT,0.21498,0.92,0.95,,0.91,0.67,0.35,0.54,0.81,1.0,0.69,0.74,,,,,,hf3
8CLR,0.27882,0.88,1.0,,0.8,0.86,0.5,0.93,1.0,1.0,0.55,0.9,,,,,,hf3
8CQ1,0.38878,0.88,1.0,,0.82,0.69,0.27,0.5,0.98,1.0,0.75,0.82,,,,,,hf3
8FB3,0.26562,0.73,0.91,0.47,0.76,0.57,0.26,0.56,0.62,0.85,0.29,0.61,,,,,,hf3
8FCS,0.43196,0.88,0.92,,0.87,0.49,0.27,0.49,0.58,0.61,0.73,0.79,,,,,,hf3
8FZA,0.21402,0.69,0.94,0.26,0.77,0.73,0.34,0.59,1.0,1.0,0.55,0.69,,,,,,hf3
8HB8,0.19791,0.5,0.54,0.0,0.56,0.28,0.14,0.22,0.29,0.47,0.29,0.42,,,,,,hf3
8I43,0.26151,0.85,1.0,,0.8,0.67,0.47,0.58,0.63,1.0,0.73,0.85,,,,,,hf3
8I44,0.15447,0.86,1.0,,0.8,0.7,0.42,0.58,0.79,1.0,0.61,0.78,,,,,,hf3
8I45,0.20113,0.87,1.0,0.0,0.87,0.71,0.37,0.58,0.9,1.0,0.7,0.83,,,,,,hf3
8I46,0.24284,0.94,1.0,,0.91,0.75,0.26,0.79,0.95,1.0,0.69,0.79,,,,,,hf3
8ITS,0.29085,0.87,0.97,0.71,0.86,0.38,0.24,0.35,0.44,0.48,0.54,0.6,,,,,,hf3
8JHP,0.22424,0.72,0.56,1.0,0.77,0.49,0.3,0.37,0.52,0.78,0.47,0.62,,,,,,hf3
8K2Z,0.29386,0.86,1.0,1.0,0.79,0.43,0.25,0.3,0.46,0.72,0.63,0.65,,,,,,hf3
8K30,0.3084,0.35,0.14,0.0,0.48,0.38,0.31,0.36,0.38,0.48,0.6,0.66,,,,,,hf3
8K8B,0.20575,0.74,0.94,,0.66,0.62,0.21,0.47,0.84,0.95,0.56,0.85,,,,,,hf3
8KEB,0.69134,0.37,0.0,0.0,0.6,0.77,0.44,0.69,0.96,1.0,0.74,0.83,,,,,,hf3
8Q4O,0.13689,0.3,,0.0,0.5,0.32,0.17,0.22,0.3,0.56,0.22,0.41,,,,,,hf3
8Q6N,0.44513,0.83,0.81,0.35,0.87,0.66,0.39,0.54,0.72,0.98,0.57,0.71,,,,,,hf3
8QO2,0.20328,0.58,0.51,0.0,0.64,0.06,0.03,0.04,0.06,0.1,0.47,0.57,,,,,,hf3
8QO3,0.37517,0.78,0.7,,0.81,0.34,0.14,0.3,0.41,0.51,0.68,0.74,,,,,,hf3
8QO4,0.33193,0.68,0.67,0.0,0.7,0.22,0.08,0.14,0.29,0.38,0.54,0.61,,,,,,hf3
8QO5,0.36726,0.64,0.58,,0.69,0.26,0.09,0.17,0.33,0.45,0.53,0.68,,,,,,hf3
8SCF,0.39699,0.8,0.86,,0.78,0.82,0.57,0.8,0.93,1.0,0.66,0.81,,,,,,hf3
8SCH,0.29693,0.78,0.91,,0.73,0.28,0.22,0.26,0.29,0.35,0.57,0.68,,,,,,hf3
8T5O,0.15921,0.39,0.0,0.0,0.57,0.15,0.1,0.14,0.16,0.21,0.31,0.42,,,,,,hf3
8TNS,0.10507,0.0,,,0.0,0.28,0.17,0.17,0.33,0.46,0.02,0.35,,,,,,hf3
8TVZ,0.33252,0.8,0.94,0.0,0.74,0.12,0.05,0.09,0.14,0.18,0.58,0.64,,,,,,hf3
8UPT,0.21266,0.71,0.77,0.32,0.71,0.15,0.1,0.14,0.16,0.2,0.55,0.58,,,,,,hf3
8UTG,0.12801,0.07,,0.0,0.18,0.39,0.19,0.29,0.43,0.67,0.02,0.42,,,,,,hf3
8UYG,0.30681,0.77,0.91,0.0,0.75,0.23,0.1,0.18,0.3,0.33,,,,,,,,hf3
8UYM,0.38417,0.79,0.84,,0.78,0.33,0.15,0.25,0.41,0.53,,,,,,,,hf3
8UYP,0.38017,0.83,0.91,0.41,0.8,0.31,0.15,0.23,0.41,0.46,,,,,,,,hf3
8V1H,0.58333,0.34,0.11,0.0,0.47,0.18,0.11,0.17,0.2,0.22,0.75,0.86,,,,,,hf3
8V1I,0.29223,0.33,0.0,0.0,0.51,0.35,0.29,0.34,0.34,0.42,0.53,0.6,,,,,,hf3
8VCI,0.35249,0.76,0.88,0.0,0.72,0.29,0.12,0.21,0.39,0.46,0.51,0.59,,,,,,hf3
8VT5,0.40826,0.88,0.98,0.5,0.84,0.52,0.27,0.41,0.64,0.75,0.62,0.71,,,,,,hf3
8XZL,0.2601,0.71,0.94,0.29,0.65,0.38,0.23,0.29,0.4,0.58,0.56,0.61,,,,,,hf3
8ZAU,0.33727,0.7,0.91,0.0,0.66,0.36,0.25,0.34,0.37,0.47,0.56,0.62,,,,,,hf3
9BLM,0.23524,0.81,0.96,0.0,0.76,0.31,0.18,0.24,0.37,0.43,0.56,0.7,,,,,,hf3
9BUN,0.36321,0.71,0.9,0.0,0.69,0.5,0.29,0.46,0.58,0.69,0.46,0.62,,,,,,hf3
9DE6,0.53952,0.92,0.98,,0.9,0.47,0.25,0.34,0.43,0.86,0.77,0.79,,,,,,hf3
9DE7,0.50675,0.88,0.96,0.71,0.86,0.45,0.19,0.3,0.47,0.84,0.75,0.75,,,,,,hf3
9ECQ,0.27222,0.92,0.93,,0.92,0.78,0.41,0.71,1.0,1.0,0.68,0.87,,,,,,hf3
9ECR,0.29519,0.85,0.82,,0.87,0.59,0.38,0.38,0.62,1.0,0.66,0.74,,,,,,hf3
9EOW,0.18449,0.87,1.0,0.0,0.84,0.32,0.24,0.28,0.34,0.41,0.66,0.82,,,,,,hf3
9EWW,0.17392,0.64,0.82,0.14,0.6,0.16,0.12,0.13,0.18,0.22,0.36,0.4,,,,,,hf3
9FM4,0.2167,0.82,0.95,,0.76,0.66,0.32,0.52,0.8,1.0,0.56,0.77,,,,,,hf3
9FO8,0.17442,0.82,1.0,,0.75,0.58,0.24,0.45,0.66,0.97,0.61,0.77,,,,,,hf3
9FO9,0.25152,0.78,0.96,,0.73,0.58,0.3,0.39,0.61,1.0,0.58,0.77,,,,,,hf3
9G7C,0.21041,0.71,0.83,0.19,0.7,0.14,0.07,0.1,0.17,0.21,0.42,0.54,,,,,,hf3
9IO0,0.19481,0.95,1.0,,0.96,0.53,0.26,0.37,0.63,0.84,0.67,0.89,,,,,,hf3
9IO1,0.20285,0.78,1.0,,0.64,0.58,0.26,0.42,0.68,0.95,0.44,0.79,,,,,,hf3
9IOR,0.22025,0.78,0.93,,0.76,0.57,0.32,0.37,0.63,0.95,0.75,0.91,,,,,,hf3
9IOS,0.1721,0.9,1.0,,0.87,0.46,0.26,0.32,0.47,0.79,0.68,0.76,,,,,,hf3
9IOU,0.21529,0.84,1.0,,0.78,0.49,0.26,0.37,0.53,0.79,0.55,0.79,,,,,,hf3
R1205,0.34961,0.59,0.53,0.0,0.68,0.43,0.26,0.4,0.46,0.6,0.45,0.51,,,,,,hf3
R1209,0.23275,0.79,0.85,,0.78,0.31,0.22,0.26,0.32,0.42,0.57,0.6,,,,,,hf3
R1211,0.50952,0.89,0.99,0.0,0.87,0.48,0.17,0.3,0.53,0.93,0.73,0.69,,,,,,hf3
R1212,0.25041,0.21,0.0,0.0,0.31,0.23,0.14,0.22,0.25,0.31,0.39,0.52,,,,,,hf3
R1248,0.28349,0.35,0.0,0.0,0.53,0.05,0.04,0.04,0.05,0.08,0.15,0.22,,,,,,hf3
R1263,0.48693,0.84,1.0,0.82,0.78,0.56,0.33,0.55,0.61,0.75,0.58,0.71,,,,,,hf3
R1271,0.66229,0.82,0.89,0.89,0.8,0.7,0.3,0.64,0.9,0.96,0.72,0.79,,,,,,hf3
R1288,0.2532,0.6,0.56,0.29,0.65,0.28,0.26,0.28,0.28,0.33,0.41,0.52,,,,,,hf3
R1293,0.40129,0.76,0.84,0.58,0.74,0.37,0.16,0.33,0.42,0.57,0.6,0.64,,,,,,hf3
R1296,0.33956,0.86,0.92,,0.83,0.39,0.22,0.28,0.4,0.65,0.69,0.71,,,,,,hf3
7EXY,0.26408,0.76,1.0,,0.7,0.66,0.38,0.56,0.69,1.0,0.52,0.59,,,,,,nufold
7KUB,0.4023,0.78,0.76,,0.8,0.25,0.17,0.25,0.28,0.3,0.62,0.73,,,,,,nufold
7KUC,0.41476,0.92,0.91,,0.93,0.94,0.81,0.94,1.0,1.0,0.8,0.89,,,,,,nufold
7KUD,0.34221,0.74,0.5,,0.86,0.9,0.62,1.0,1.0,1.0,0.18,0.81,,,,,,nufold
7MKT,0.08987,0.0,,0.0,0.0,0.26,0.17,0.17,0.26,0.44,0.25,0.31,,,,,,nufold
7PS8,0.09658,0.26,,0.0,0.43,0.29,0.17,0.17,0.3,0.52,0.18,0.3,,,,,,nufold
7Q48,0.09031,0.33,,,0.55,0.31,0.18,0.23,0.27,0.55,0.18,0.33,,,,,,nufold
7Q6L,0.11873,0.3,,,0.46,0.31,0.18,0.27,0.32,0.46,0.23,0.36,,,,,,nufold
7QA2,0.12327,0.27,,,0.43,0.31,0.18,0.23,0.32,0.5,0.26,0.36,,,,,,nufold
7RWR,0.37568,0.74,0.85,0.0,0.77,0.64,0.34,0.6,0.74,0.87,0.48,0.56,,,,,,nufold
7SHX,0.17875,0.68,0.61,0.0,0.75,0.19,0.11,0.15,0.18,0.31,0.44,0.64,,,,,,nufold
7SXP,0.12365,0.25,,,0.42,0.34,0.21,0.26,0.32,0.58,0.21,0.34,,,,,,nufold
7UGA,0.42513,0.83,0.78,,0.85,0.56,0.42,0.51,0.56,0.74,0.64,0.76,,,,,,nufold
7UMC,0.31915,0.73,0.82,0.0,0.73,0.39,0.19,0.31,0.49,0.57,0.53,0.7,,,,,,nufold
7UMD,0.31574,0.68,0.85,,0.62,0.49,0.32,0.4,0.48,0.78,0.46,0.66,,,,,,nufold
7UME,0.38316,0.83,0.76,,0.88,0.79,0.5,0.71,0.93,1.0,0.6,0.77,,,,,,nufold
7V06,0.35875,0.62,0.38,0.0,0.77,0.59,0.3,0.46,0.63,0.98,0.54,0.7,,,,,,nufold
7WIA,0.42405,0.81,0.89,0.0,0.84,0.26,0.16,0.22,0.29,0.35,0.6,0.77,,,,,,nufold
8BTZ,0.3149,0.79,0.86,0.0,0.78,0.21,0.1,0.16,0.24,0.33,0.64,0.75,,,,,,nufold
8BU8,0.27524,0.71,0.64,0.0,0.76,0.13,0.08,0.11,0.14,0.17,0.51,0.65,,,,,,nufold
8BWT,0.20018,0.83,0.85,,0.82,0.6,0.27,0.42,0.69,1.0,0.58,0.67,,,,,,nufold
8CLR,0.30522,0.94,1.0,,0.9,0.91,0.71,0.93,1.0,1.0,0.61,0.86,,,,,,nufold
8CQ1,0.41691,0.84,0.94,,0.8,0.69,0.3,0.5,0.98,1.0,0.75,0.83,,,,,,nufold
8FB3,0.58616,0.78,0.83,0.6,0.82,0.92,0.71,0.97,1.0,1.0,0.78,0.88,,,,,,nufold
8FCS,0.63414,0.88,0.88,,0.88,0.72,0.31,0.68,0.92,0.97,0.8,0.82,,,,,,nufold
8FZA,0.25951,0.65,0.86,0.45,0.67,0.73,0.34,0.62,0.97,1.0,0.33,0.68,,,,,,nufold
8HB8,0.27355,0.53,0.57,0.0,0.62,0.34,0.14,0.27,0.42,0.55,0.17,0.5,,,,,,nufold
8I43,0.20185,0.69,0.77,,0.71,0.59,0.26,0.47,0.63,1.0,0.57,0.77,,,,,,nufold
8I44,0.20255,0.69,0.84,,0.67,0.66,0.37,0.53,0.74,1.0,0.6,0.82,,,,,,nufold
8I45,0.18629,0.72,0.86,,0.67,0.7,0.37,0.58,0.84,1.0,0.38,0.84,,,,,,nufold
8I46,0.2308,0.74,0.76,,0.75,0.76,0.42,0.74,0.9,1.0,0.47,0.8,,,,,,nufold
8ITS,0.25766,0.88,0.97,0.41,0.9,0.39,0.28,0.35,0.39,0.54,0.53,0.61,,,,,,nufold
8JHP,0.24537,0.78,0.8,0.0,0.83,0.57,0.26,0.44,0.67,0.93,0.43,0.63,,,,,,nufold
8K2Z,0.44706,0.84,0.91,0.71,0.81,0.64,0.28,0.49,0.81,1.0,0.43,0.78,,,,,,nufold
8K30,0.63489,0.38,0.15,0.0,0.51,0.79,0.48,0.73,0.94,1.0,0.54,0.83,,,,,,nufold
8K8B,0.16605,0.66,0.93,,0.55,0.6,0.26,0.42,0.79,0.95,0.63,0.82,,,,,,nufold
8KEB,0.71253,0.34,0.0,0.0,0.55,0.79,0.42,0.75,0.99,1.0,0.53,0.83,,,,,,nufold
8Q4O,0.14232,0.23,,,0.43,0.27,0.17,0.22,0.26,0.44,0.26,0.37,,,,,,nufold
8Q6N,0.54175,0.85,0.88,,0.88,0.8,0.5,0.72,1.0,1.0,0.77,0.9,,,,,,nufold
8QO2,0.31543,0.66,0.48,0.0,0.72,0.07,0.04,0.05,0.08,0.1,0.56,0.6,,,,,,nufold
8QO3,0.5326,0.8,0.66,0.0,0.85,0.39,0.14,0.4,0.49,0.51,0.65,0.74,,,,,,nufold
8QO4,0.38195,0.71,0.66,0.0,0.73,0.28,0.09,0.25,0.34,0.43,0.53,0.61,,,,,,nufold
8QO5,0.29979,0.68,0.42,,0.74,0.19,0.08,0.15,0.21,0.33,0.6,0.65,,,,,,nufold
8SCF,0.41473,0.81,0.86,,0.8,0.78,0.57,0.7,0.83,1.0,0.75,0.8,,,,,,nufold
8SCH,0.23178,0.76,0.83,,0.75,0.35,0.18,0.25,0.38,0.57,0.62,0.7,,,,,,nufold
8T5O,0.21788,0.47,0.0,0.0,0.63,0.21,0.14,0.18,0.22,0.29,0.34,0.44,,,,,,nufold
8TNS,0.13141,0.0,,,0.0,0.3,0.12,0.25,0.33,0.5,0.23,0.34,,,,,,nufold
8TVZ,0.24662,0.69,0.65,0.0,0.73,0.1,0.05,0.08,0.11,0.15,0.41,0.56,,,,,,nufold
8UPT,0.6028,0.72,0.77,0.45,0.72,0.14,0.08,0.11,0.16,0.22,0.54,0.72,,,,,,nufold
8UTG,0.14738,0.31,,,0.46,0.34,0.19,0.24,0.33,0.62,0.21,0.32,,,,,,nufold
8UYG,0.29237,0.76,0.78,0.0,0.78,0.25,0.16,0.2,0.27,0.35,,,,,,,,nufold
8UYM,0.27121,0.79,0.79,0.0,0.8,0.23,0.1,0.18,0.31,0.34,,,,,,,,nufold
8UYP,0.37182,0.72,0.6,0.0,0.8,0.28,0.1,0.2,0.34,0.46,,,,,,,,nufold
8V1H,0.55012,0.37,0.11,0.0,0.52,0.2,0.16,0.18,0.21,0.25,0.62,0.8,,,,,,nufold
8V1I,0.5797,0.32,0.0,0.0,0.49,0.73,0.36,0.65,0.89,1.0,0.5,0.79,,,,,,nufold
8VCI,0.28861,0.69,0.63,0.0,0.74,0.22,0.14,0.17,0.25,0.32,0.41,0.62,,,,,,nufold
8VT5,0.52719,0.82,0.93,0.5,0.77,0.72,0.36,0.63,0.92,1.0,0.43,0.81,,,,,,nufold
8XZL,0.27101,0.75,0.81,,0.78,0.43,0.27,0.31,0.5,0.64,0.52,0.65,,,,,,nufold
8ZAU,0.3821,0.69,0.88,,0.65,0.38,0.28,0.34,0.38,0.52,0.5,0.6,,,,,,nufold
9BLM,0.56686,0.86,0.9,,0.86,0.7,0.34,0.64,0.84,1.0,0.73,0.87,,,,,,nufold
9BUN,0.32323,0.69,0.74,,0.7,0.46,0.29,0.38,0.48,0.71,0.34,0.55,,,,,,nufold
9DE6,0.53482,0.88,0.93,,0.86,0.43,0.23,0.3,0.39,0.79,0.76,0.77,,,,,,nufold
9DE7,0.49865,0.86,0.93,,0.85,0.45,0.18,0.32,0.42,0.88,0.69,0.73,,,,,,nufold
9ECQ,0.42793,0.87,0.84,,0.89,0.85,0.65,0.76,1.0,1.0,0.76,0.82,,,,,,nufold
9ECR,0.3495,0.82,0.82,,0.84,0.64,0.31,0.56,0.69,1.0,0.67,0.74,,,,,,nufold
9EOW,0.1944,0.78,0.96,,0.71,0.32,0.21,0.28,0.34,0.45,0.74,0.82,,,,,,nufold
9EWW,0.18445,0.64,0.54,0.0,0.73,0.17,0.12,0.13,0.18,0.26,0.36,0.4,,,,,,nufold
9FM4,0.21894,0.8,1.0,,0.72,0.66,0.28,0.52,0.84,1.0,0.64,0.75,,,,,,nufold
9FO8,0.23475,0.79,0.96,,0.72,0.62,0.34,0.45,0.72,0.97,0.6,0.77,,,,,,nufold
9FO9,0.25481,0.77,0.92,,0.74,0.6,0.3,0.48,0.61,1.0,0.69,0.77,,,,,,nufold
9G7C,0.23659,0.73,0.75,0.0,0.75,0.16,0.08,0.16,0.19,0.23,0.41,0.53,,,,,,nufold
9IO0,0.19119,0.74,0.76,0.0,0.81,0.54,0.26,0.37,0.63,0.9,0.53,0.86,,,,,,nufold
9IO1,0.15892,0.74,0.86,,0.71,0.55,0.21,0.37,0.68,0.95,0.54,0.82,,,,,,nufold
9IOR,0.23692,0.59,0.66,,0.64,0.57,0.26,0.42,0.68,0.9,0.52,0.89,,,,,,nufold
9IOS,0.18025,0.79,0.77,,0.84,0.51,0.26,0.37,0.53,0.9,0.51,0.85,,,,,,nufold
9IOU,0.18137,0.65,0.76,,0.66,0.51,0.26,0.37,0.58,0.84,0.58,0.81,,,,,,nufold
R1205,0.32268,0.57,0.58,0.0,0.64,0.36,0.26,0.34,0.4,0.44,0.24,0.41,,,,,,nufold
R1209,0.27681,0.76,0.84,0.0,0.76,0.3,0.24,0.26,0.32,0.38,0.5,0.6,,,,,,nufold
R1211,0.45052,0.84,0.89,0.0,0.84,0.44,0.22,0.37,0.56,0.63,0.59,0.64,,,,,,nufold
R1212,0.23643,0.34,0.0,0.0,0.46,0.24,0.17,0.21,0.26,0.32,0.45,0.53,,,,,,nufold
R1248,0.25438,0.46,0.0,0.0,0.64,0.06,0.04,0.06,0.07,0.08,0.16,0.23,,,,,,nufold
R1263,0.66333,0.86,0.97,0.71,0.83,0.78,0.47,0.7,0.97,1.0,0.6,0.81,,,,,,nufold
R1271,0.66617,0.81,0.82,0.58,0.82,0.7,0.3,0.65,0.9,0.97,0.48,0.77,,,,,,nufold
R1288,0.34882,0.65,0.6,0.41,0.7,0.47,0.24,0.39,0.53,0.73,0.45,0.61,,,,,,nufold
R1293,0.31029,0.69,0.64,0.0,0.75,0.31,0.16,0.23,0.38,0.48,0.3,0.59,,,,,,nufold
R1296,0.3388,0.84,0.91,0.0,0.81,0.37,0.26,0.29,0.43,0.5,0.58,0.73,,,,,,nufold
7EXY,0.21924,0.73,1.0,,0.67,0.69,0.44,0.56,0.75,1.0,0.11,0.6,,,,,,rf2na
7KUB,0.4335,0.69,0.71,,0.69,0.25,0.2,0.23,0.27,0.3,0.48,0.67,,,,,,rf2na
7KUC,0.40323,0.97,1.0,,0.96,0.91,0.75,0.88,1.0,1.0,0.61,0.85,,,,,,rf2na
7KUD,0.20897,0.77,0.87,,0.74,0.81,0.54,0.69,1.0,1.0,0.26,0.8,,,,,,rf2na
7MKT,0.07464,0.0,,,0.0,0.22,0.13,0.17,0.22,0.35,0.05,0.23,,,,,,rf2na
7PS8,0.13584,0.33,,,0.52,0.3,0.13,0.17,0.3,0.61,0.03,0.29,,,,,,rf2na
7Q48,0.13405,0.38,,0.0,0.6,0.36,0.18,0.23,0.41,0.64,0.09,0.36,,,,,,rf2na
7Q6L,0.14177,0.45,,,0.69,0.33,0.18,0.27,0.36,0.5,0.15,0.37,,,,,,rf2na
7QA2,0.11432,0.42,,,0.62,0.33,0.18,0.32,0.32,0.5,0.14,0.34,,,,,,rf2na
7RWR,0.36085,0.69,0.87,,0.65,0.6,0.34,0.53,0.68,0.87,0.44,0.56,,,,,,rf2na
7SHX,0.19857,0.64,0.71,0.0,0.65,0.19,0.12,0.16,0.21,0.29,0.28,0.68,,,,,,rf2na
7SXP,0.09124,0.34,,,0.59,0.34,0.21,0.26,0.37,0.53,0.08,0.34,,,,,,rf2na
7UGA,0.33186,0.77,0.82,,0.8,0.59,0.3,0.42,0.72,0.93,0.34,0.75,,,,,,rf2na
7UMC,0.4994,0.75,0.81,0.41,0.74,0.43,0.17,0.29,0.44,0.81,0.41,0.73,,,,,,rf2na
7UMD,0.2611,0.78,0.89,,0.74,0.51,0.28,0.42,0.48,0.88,0.38,0.66,,,,,,rf2na
7UME,0.30098,0.76,0.74,,0.83,0.8,0.5,0.79,0.89,1.0,0.3,0.8,,,,,,rf2na
7V06,0.31852,0.73,0.77,,0.77,0.62,0.28,0.44,0.74,1.0,0.52,0.68,,,,,,rf2na
7WIA,0.39318,0.68,0.82,0.32,0.65,0.25,0.14,0.2,0.29,0.37,0.51,0.75,,,,,,rf2na
8BTZ,0.26744,0.62,0.6,0.0,0.65,0.16,0.1,0.13,0.15,0.28,0.35,0.55,,,,,,rf2na
8BU8,0.26255,0.58,0.5,0.0,0.63,0.13,0.05,0.11,0.15,0.2,0.13,0.54,,,,,,rf2na
8BWT,0.21143,0.87,0.9,,0.86,0.62,0.27,0.46,0.77,1.0,0.6,0.72,,,,,,rf2na
8CLR,0.28221,0.83,0.82,,0.84,0.86,0.5,0.93,1.0,1.0,0.41,0.86,,,,,,rf2na
8CQ1,0.43917,0.81,0.88,,0.77,0.7,0.36,0.55,0.91,1.0,0.58,0.8,,,,,,rf2na
8FB3,0.30276,0.62,0.83,,0.67,0.53,0.35,0.47,0.59,0.71,0.1,0.46,,,,,,rf2na
8FCS,0.60651,0.91,0.95,,0.9,0.69,0.28,0.59,0.92,0.97,0.74,0.84,,,,,,rf2na
8FZA,0.24406,0.48,0.68,0.0,0.58,0.45,0.31,0.38,0.45,0.66,0.08,0.44,,,,,,rf2na
8HB8,0.22435,0.48,0.7,0.0,0.48,0.28,0.16,0.24,0.31,0.4,0.13,0.39,,,,,,rf2na
8I43,0.22929,0.67,0.86,,0.58,0.62,0.37,0.47,0.68,0.95,0.38,0.84,,,,,,rf2na
8I44,0.16523,0.76,0.8,,0.77,0.64,0.32,0.53,0.74,1.0,0.5,0.79,,,,,,rf2na
8I45,0.21105,0.76,0.84,0.0,0.8,0.72,0.37,0.63,0.9,1.0,0.15,0.78,,,,,,rf2na
8I46,0.18263,0.65,0.68,,0.64,0.7,0.32,0.58,0.9,1.0,0.13,0.71,,,,,,rf2na
8ITS,0.30097,0.82,0.9,,0.85,0.4,0.26,0.37,0.44,0.52,0.34,0.58,,,,,,rf2na
8JHP,0.17925,0.55,0.38,,0.63,0.59,0.22,0.41,0.74,1.0,0.4,0.6,,,,,,rf2na
8K2Z,0.27612,0.66,0.71,0.71,0.65,0.42,0.26,0.3,0.47,0.65,0.16,0.62,,,,,,rf2na
8K30,0.33291,0.33,0.0,0.0,0.48,0.45,0.29,0.36,0.44,0.69,0.25,0.6,,,,,,rf2na
8K8B,0.18501,0.72,0.93,,0.66,0.62,0.37,0.47,0.68,0.95,0.52,0.8,,,,,,rf2na
8KEB,0.27968,0.38,0.0,0.0,0.58,0.33,0.2,0.3,0.32,0.49,0.25,0.52,,,,,,rf2na
8Q4O,0.12586,0.29,,0.0,0.54,0.3,0.17,0.22,0.3,0.52,0.09,0.44,,,,,,rf2na
8Q6N,0.34414,0.75,0.71,0.5,0.79,0.59,0.39,0.46,0.52,0.98,0.47,0.64,,,,,,rf2na
8QO2,0.27924,0.52,0.4,0.0,0.57,0.07,0.04,0.06,0.08,0.1,0.21,0.54,,,,,,rf2na
8QO3,0.3651,0.71,0.62,0.0,0.76,0.28,0.08,0.2,0.37,0.48,0.3,0.65,,,,,,rf2na
8QO4,0.36692,0.68,0.7,0.0,0.7,0.28,0.1,0.19,0.33,0.51,0.16,0.62,,,,,,rf2na
8QO5,0.48055,0.6,0.49,,0.66,0.32,0.09,0.26,0.42,0.53,0.21,0.67,,,,,,rf2na
8SCF,0.45921,0.76,0.9,,0.73,0.81,0.6,0.73,0.9,1.0,0.18,0.78,,,,,,rf2na
8SCH,0.32097,0.85,0.93,,0.82,0.41,0.26,0.32,0.43,0.63,0.42,0.76,,,,,,rf2na
8T5O,0.25267,0.4,0.0,,0.57,0.19,0.13,0.18,0.19,0.25,0.23,0.46,,,,,,rf2na
8TNS,0.07363,0.0,,,0.0,0.21,0.12,0.17,0.21,0.33,0.03,0.25,,,,,,rf2na
8TVZ,0.17997,0.63,0.55,0.0,0.69,0.1,0.06,0.08,0.12,0.14,0.22,0.46,,,,,,rf2na
8UPT,0.38416,0.63,0.74,0.0,0.65,0.14,0.08,0.11,0.16,0.21,0.4,0.67,,,,,,rf2na
8UTG,0.13584,0.25,,,0.36,0.32,0.19,0.19,0.38,0.52,0.12,0.34,,,,,,rf2na
8UYG,0.33127,0.69,0.72,0.0,0.7,0.28,0.11,0.22,0.33,0.45,,,,,,,,rf2na
8UYM,0.39409,0.72,0.72,0.0,0.73,0.28,0.1,0.19,0.34,0.47,,,,,,,,rf2na
8UYP,0.42463,0.72,0.73,0.0,0.73,0.33,0.15,0.25,0.38,0.54,,,,,,,,rf2na
8V1H,0.46147,0.24,0.0,0.0,0.36,0.18,0.11,0.17,0.2,0.22,0.16,0.69,,,,,,rf2na
8V1I,0.37802,0.32,0.0,0.0,0.46,0.51,0.31,0.46,0.55,0.75,0.32,0.68,,,,,,rf2na
8VCI,0.29306,0.71,0.79,0.0,0.7,0.21,0.13,0.17,0.23,0.33,0.26,0.6,,,,,,rf2na
8VT5,0.5076,0.74,0.82,0.32,0.74,0.63,0.27,0.54,0.71,1.0,0.27,0.74,,,,,,rf2na
8XZL,0.36679,0.66,0.79,0.0,0.67,0.49,0.25,0.33,0.54,0.83,0.46,0.62,,,,,,rf2na
8ZAU,0.26212,0.64,0.78,0.0,0.61,0.3,0.15,0.28,0.32,0.46,0.19,0.52,,,,,,rf2na
9BLM,0.44748,0.8,0.92,,0.76,0.52,0.27,0.43,0.63,0.76,0.57,0.85,,,,,,rf2na
9BUN,0.286,0.69,0.79,0.0,0.69,0.45,0.21,0.33,0.46,0.79,0.27,0.54,,,,,,rf2na
9DE6,0.59007,0.75,0.7,,0.79,0.52,0.32,0.41,0.46,0.88,0.52,0.76,,,,,,rf2na
9DE7,0.30042,0.77,0.75,1.0,0.77,0.31,0.16,0.19,0.3,0.58,0.4,0.65,,,,,,rf2na
9ECQ,0.35474,0.89,0.93,,0.87,0.82,0.53,0.76,1.0,1.0,0.3,0.84,,,,,,rf2na
9ECR,0.44445,0.75,0.73,,0.76,0.66,0.38,0.56,0.69,1.0,0.11,0.8,,,,,,rf2na
9EOW,0.21459,0.77,0.85,,0.76,0.33,0.21,0.31,0.34,0.45,0.22,0.83,,,,,,rf2na
9EWW,0.1918,0.49,0.46,0.0,0.54,0.18,0.09,0.11,0.2,0.32,0.19,0.34,,,,,,rf2na
9FM4,0.20931,0.8,1.0,,0.68,0.64,0.32,0.48,0.76,1.0,0.42,0.74,,,,,,rf2na
9FO8,0.19325,0.7,0.95,0.0,0.59,0.61,0.34,0.41,0.72,0.97,0.42,0.74,,,,,,rf2na
9FO9,0.20034,0.67,0.77,0.0,0.69,0.55,0.24,0.36,0.58,1.0,0.53,0.78,,,,,,rf2na
9G7C,0.20471,0.66,0.7,0.0,0.69,0.13,0.06,0.11,0.15,0.2,0.18,0.49,,,,,,rf2na
9IO0,0.17503,0.72,0.76,0.0,0.81,0.53,0.32,0.37,0.58,0.84,0.52,0.87,,,,,,rf2na
9IO1,0.19405,0.72,1.0,,0.57,0.57,0.26,0.47,0.58,0.95,0.4,0.8,,,,,,rf2na
9IOR,0.21245,0.71,0.84,0.0,0.71,0.59,0.32,0.42,0.68,0.95,0.52,0.89,,,,,,rf2na
9IOS,0.19107,0.68,0.77,0.0,0.72,0.53,0.26,0.37,0.53,0.95,0.22,0.76,,,,,,rf2na
9IOU,0.19258,0.66,0.71,,0.66,0.5,0.26,0.32,0.58,0.84,0.42,0.8,,,,,,rf2na
R1205,0.34767,0.58,0.6,0.0,0.62,0.4,0.31,0.4,0.44,0.47,0.3,0.42,,,,,,rf2na
R1209,0.3004,0.79,0.84,0.0,0.79,0.32,0.24,0.29,0.33,0.4,0.35,0.59,,,,,,rf2na
R1211,0.34751,0.76,0.82,0.0,0.74,0.36,0.2,0.36,0.39,0.49,0.26,0.61,,,,,,rf2na
R1212,0.2133,0.28,0.0,0.0,0.39,0.18,0.09,0.15,0.21,0.28,0.03,0.5,,,,,,rf2na
R1248,0.20922,0.39,0.0,0.0,0.53,0.05,0.04,0.04,0.06,0.07,0.07,0.22,,,,,,rf2na
R1263,0.92072,0.96,1.0,0.82,0.95,0.98,0.91,1.0,1.0,1.0,0.83,0.97,,,,,,rf2na
R1271,0.61516,0.79,0.87,0.25,0.8,0.7,0.35,0.6,0.92,0.95,0.28,0.79,,,,,,rf2na
R1288,0.29095,0.64,0.6,0.29,0.69,0.5,0.2,0.37,0.59,0.82,0.48,0.62,,,,,,rf2na
R1293,0.24329,0.66,0.69,0.25,0.68,0.23,0.16,0.2,0.24,0.32,0.2,0.52,,,,,,rf2na
R1296,0.35016,0.82,0.86,0.0,0.82,0.39,0.26,0.31,0.38,0.62,0.36,0.71,,,,,,rf2na
7EXY,0.16804,0.84,1.0,1.0,0.76,0.7,0.38,0.56,0.88,1.0,0.6,0.65,,,,,,rhofold
7KUB,0.33309,0.64,0.49,0.0,0.76,0.23,0.13,0.22,0.28,0.28,0.52,0.57,,,,,,rhofold
7KUC,0.26203,0.82,0.91,,0.78,0.88,0.62,0.88,1.0,1.0,0.61,0.81,,,,,,rhofold
7KUD,0.12448,0.85,1.0,,0.78,0.79,0.38,0.77,1.0,1.0,0.7,0.78,,,,,,rhofold
7MKT,0.06848,0.0,,,0.0,0.25,0.13,0.17,0.22,0.48,0.19,0.28,,,,,,rhofold
7PS8,0.1169,0.23,,,0.32,0.29,0.17,0.22,0.35,0.44,0.19,0.25,,,,,,rhofold
7Q48,0.11763,0.37,,,0.57,0.32,0.18,0.27,0.32,0.5,0.22,0.31,,,,,,rhofold
7Q6L,0.12734,0.36,,,0.55,0.32,0.18,0.27,0.32,0.5,0.23,0.38,,,,,,rhofold
7QA2,0.1641,0.45,,,0.67,0.33,0.18,0.27,0.36,0.5,0.23,0.37,,,,,,rhofold
7RWR,0.39044,0.69,0.87,0.0,0.68,0.62,0.32,0.6,0.74,0.84,0.52,0.54,,,,,,rhofold
7SHX,0.19728,0.62,0.56,0.0,0.71,0.19,0.08,0.13,0.23,0.32,0.48,0.58,,,,,,rhofold
7SXP,0.06944,0.44,,,0.69,0.36,0.21,0.26,0.37,0.58,0.22,0.29,,,,,,rhofold
7UGA,0.33502,0.84,0.81,,0.86,0.53,0.3,0.46,0.56,0.79,0.64,0.73,,,,,,rhofold
7UMC,0.36128,0.78,0.92,0.0,0.75,0.45,0.14,0.31,0.49,0.86,0.63,0.68,,,,,,rhofold
7UMD,0.3279,0.75,0.82,,0.76,0.55,0.22,0.38,0.62,0.98,0.6,0.69,,,,,,rhofold
7UME,0.27976,0.78,0.82,,0.76,0.74,0.36,0.64,0.96,1.0,0.63,0.72,,,,,,rhofold
7V06,0.3823,0.72,0.82,0.0,0.71,0.64,0.3,0.46,0.81,1.0,0.67,0.7,,,,,,rhofold
7WIA,0.30375,0.7,0.8,0.26,0.7,0.24,0.1,0.2,0.29,0.37,0.6,0.65,,,,,,rhofold
8BTZ,0.3763,0.77,0.89,0.0,0.73,0.22,0.08,0.14,0.26,0.39,0.66,0.69,,,,,,rhofold
8BU8,0.15836,0.11,0.04,0.0,0.17,0.05,0.01,0.03,0.05,0.12,0.19,0.38,,,,,,rhofold
8BWT,0.22829,0.82,0.95,,0.75,0.66,0.31,0.58,0.77,1.0,0.64,0.7,,,,,,rhofold
8CLR,0.23224,0.94,1.0,,0.91,0.88,0.64,0.86,1.0,1.0,0.78,0.83,,,,,,rhofold
8CQ1,0.36146,0.72,0.83,,0.68,0.64,0.23,0.48,0.86,1.0,0.67,0.77,,,,,,rhofold
8FB3,0.46508,0.66,0.73,0.5,0.69,0.86,0.47,0.97,1.0,1.0,0.69,0.73,,,,,,rhofold
8FCS,0.62008,0.78,0.82,,0.78,0.69,0.21,0.61,0.93,1.0,0.68,0.71,,,,,,rhofold
8FZA,0.17132,0.48,0.8,0.13,0.51,0.65,0.24,0.41,0.93,1.0,0.53,0.6,,,,,,rhofold
8HB8,0.21816,0.42,0.64,0.0,0.43,0.33,0.13,0.24,0.33,0.62,0.39,0.44,,,,,,rhofold
8I43,0.15882,0.74,0.8,0.0,0.78,0.58,0.26,0.47,0.63,0.95,0.7,0.8,,,,,,rhofold
8I44,0.15596,0.71,0.71,,0.74,0.62,0.26,0.47,0.74,1.0,0.69,0.74,,,,,,rhofold
8I45,0.15649,0.84,1.0,,0.77,0.67,0.26,0.58,0.84,1.0,0.69,0.73,,,,,,rhofold
8I46,0.19841,0.82,0.94,,0.75,0.62,0.21,0.53,0.79,0.95,0.68,0.73,,,,,,rhofold
8ITS,0.21876,0.81,0.9,0.71,0.78,0.4,0.24,0.37,0.41,0.56,0.55,0.56,,,,,,rhofold
8JHP,0.16361,0.64,0.75,0.0,0.63,0.56,0.26,0.33,0.67,0.96,0.5,0.59,,,,,,rhofold
8K2Z,0.35743,0.79,0.93,0.71,0.73,0.56,0.21,0.35,0.68,1.0,0.61,0.67,,,,,,rhofold
8K30,0.40124,0.38,0.14,0.0,0.52,0.65,0.21,0.46,0.92,1.0,0.65,0.68,,,,,,rhofold
8K8B,0.16353,0.72,1.0,0.0,0.63,0.58,0.26,0.47,0.63,0.95,0.63,0.71,,,,,,rhofold
8KEB,0.59691,0.31,0.0,0.0,0.5,0.67,0.17,0.56,0.96,1.0,0.64,0.66,,,,,,rhofold
8Q4O,0.10461,0.15,,0.0,0.26,0.3,0.17,0.22,0.3,0.52,0.21,0.33,,,,,,rhofold
8Q6N,0.3297,0.69,0.69,0.0,0.74,0.5,0.28,0.41,0.48,0.8,0.58,0.62,,,,,,rhofold
8QO2,0.44752,0.52,0.44,0.0,0.58,0.07,0.04,0.07,0.09,0.1,0.53,0.56,,,,,,rhofold
8QO3,0.43298,0.74,0.65,0.0,0.8,0.38,0.14,0.36,0.48,0.53,0.66,0.74,,,,,,rhofold
8QO4,0.43898,0.66,0.67,0.0,0.68,0.31,0.07,0.17,0.43,0.56,0.55,0.58,,,,,,rhofold
8QO5,0.26341,0.59,0.44,,0.67,0.21,0.08,0.17,0.24,0.36,0.55,0.63,,,,,,rhofold
8SCF,0.29352,0.79,0.87,,0.79,0.75,0.4,0.67,0.93,1.0,0.68,0.72,,,,,,rhofold
8SCH,0.3039,0.78,0.9,,0.72,0.38,0.16,0.32,0.41,0.62,0.6,0.62,,,,,,rhofold
8T5O,0.3091,0.27,0.0,0.0,0.42,0.2,0.07,0.14,0.21,0.36,0.34,0.39,,,,,,rhofold
8TNS,0.09314,0.0,,0.0,0.0,0.24,0.12,0.17,0.25,0.42,0.22,0.28,,,,,,rhofold
8TVZ,0.11467,0.0,0.0,0.0,0.0,0.02,0.01,0.01,0.02,0.05,0.0,0.07,,,,,,rhofold
8UPT,0.46457,0.68,0.74,0.0,0.71,0.13,0.07,0.1,0.14,0.21,0.6,0.62,,,,,,rhofold
8UTG,0.09691,0.3,,,0.44,0.33,0.19,0.29,0.33,0.52,0.21,0.3,,,,,,rhofold
8UYG,0.34361,0.66,0.77,0.0,0.64,0.25,0.09,0.18,0.3,0.42,,,,,,,,rhofold
8UYM,0.32686,0.74,0.77,0.0,0.74,0.26,0.1,0.22,0.32,0.4,,,,,,,,rhofold
8UYP,0.32979,0.75,0.85,0.0,0.73,0.26,0.1,0.18,0.32,0.44,,,,,,,,rhofold
8V1H,0.49749,0.33,0.04,0.0,0.48,0.18,0.11,0.18,0.2,0.24,0.62,0.65,,,,,,rhofold
8V1I,0.40787,0.35,0.0,0.0,0.54,0.59,0.2,0.42,0.75,1.0,0.6,0.63,,,,,,rhofold
8VCI,0.27583,0.73,0.81,0.0,0.71,0.25,0.08,0.15,0.27,0.51,0.55,0.6,,,,,,rhofold
8VT5,0.48161,0.81,0.96,0.5,0.74,0.64,0.2,0.46,0.88,1.0,0.67,0.73,,,,,,rhofold
8XZL,0.25009,0.73,0.92,0.0,0.71,0.43,0.17,0.29,0.5,0.77,0.54,0.57,,,,,,rhofold
8ZAU,0.5033,0.74,0.98,0.0,0.69,0.6,0.19,0.44,0.76,1.0,0.61,0.68,,,,,,rhofold
9BLM,0.47366,0.68,0.68,0.0,0.7,0.55,0.16,0.34,0.78,0.92,0.58,0.64,,,,,,rhofold
9BUN,0.29476,0.61,0.79,0.0,0.58,0.43,0.17,0.33,0.54,0.67,0.46,0.51,,,,,,rhofold
9DE6,0.35804,0.87,0.96,,0.83,0.36,0.12,0.23,0.36,0.73,0.64,0.65,,,,,,rhofold
9DE7,0.39677,0.84,0.93,1.0,0.8,0.38,0.12,0.23,0.35,0.82,0.63,0.62,,,,,,rhofold
9ECQ,0.24676,0.78,0.84,,0.78,0.76,0.41,0.76,0.88,1.0,0.68,0.72,,,,,,rhofold
9ECR,0.27964,0.67,0.82,,0.64,0.69,0.38,0.56,0.81,1.0,0.62,0.67,,,,,,rhofold
9EOW,0.17013,0.75,0.96,,0.66,0.3,0.17,0.28,0.34,0.41,0.72,0.79,,,,,,rhofold
9EWW,0.14388,0.26,,0.0,0.36,0.13,0.08,0.12,0.15,0.19,0.0,0.24,,,,,,rhofold
9FM4,0.16578,0.8,1.0,,0.69,0.62,0.2,0.52,0.8,0.96,0.64,0.72,,,,,,rhofold
9FO8,0.17154,0.8,1.0,,0.69,0.59,0.24,0.41,0.76,0.93,0.64,0.73,,,,,,rhofold
9FO9,0.21836,0.75,0.93,,0.68,0.57,0.24,0.46,0.58,1.0,0.66,0.71,,,,,,rhofold
9G7C,0.25365,0.6,0.68,0.0,0.64,0.16,0.06,0.12,0.2,0.26,0.42,0.46,,,,,,rhofold
9IO0,0.16545,0.79,1.0,,0.7,0.58,0.32,0.37,0.74,0.9,0.7,0.82,,,,,,rhofold
9IO1,0.16813,0.74,1.0,,0.59,0.47,0.26,0.37,0.47,0.79,0.66,0.76,,,,,,rhofold
9IOR,0.16596,0.73,1.0,,0.59,0.51,0.21,0.37,0.63,0.84,0.68,0.8,,,,,,rhofold
9IOS,0.12374,0.65,0.93,,0.52,0.42,0.21,0.32,0.47,0.68,0.6,0.63,,,,,,rhofold
9IOU,0.15022,0.79,1.0,,0.67,0.41,0.21,0.32,0.47,0.63,0.68,0.79,,,,,,rhofold
R1205,0.24638,0.46,0.41,0.0,0.56,0.31,0.13,0.27,0.36,0.47,0.33,0.38,,,,,,rhofold
R1209,0.23844,0.76,0.87,0.0,0.73,0.3,0.15,0.25,0.36,0.43,0.54,0.54,,,,,,rhofold
R1211,0.30872,0.77,0.87,0.0,0.74,0.29,0.14,0.3,0.34,0.39,0.53,0.52,,,,,,rhofold
R1212,0.26621,0.22,0.0,0.0,0.34,0.21,0.1,0.2,0.26,0.28,0.41,0.44,,,,,,rhofold
R1248,0.27824,0.32,0.0,0.0,0.49,0.06,0.03,0.05,0.07,0.08,0.15,0.2,,,,,,rhofold
R1263,0.48397,0.86,0.93,0.0,0.86,0.58,0.17,0.47,0.73,0.95,0.62,0.65,,,,,,rhofold
R1271,0.57549,0.72,0.89,0.2,0.71,0.62,0.18,0.48,0.86,0.97,0.57,0.62,,,,,,rhofold
R1288,0.25044,0.65,0.65,0.29,0.7,0.49,0.22,0.35,0.53,0.86,0.55,0.58,,,,,,rhofold
R1293,0.23932,0.6,0.61,0.2,0.64,0.24,0.1,0.22,0.28,0.38,0.46,0.5,,,,,,rhofold
R1296,0.29936,0.74,0.83,0.0,0.71,0.3,0.15,0.26,0.36,0.43,0.55,0.57,,,,,,rhofold
7EXY,0.15878,0.27,,,0.34,0.45,0.25,0.31,0.5,0.75,0.27,0.39,,,,,,trros
7KUB,0.38691,0.63,0.65,0.0,0.65,0.2,0.12,0.18,0.22,0.3,0.54,0.61,,,,,,trros
7KUC,0.36668,0.92,0.91,,0.96,0.92,0.75,0.94,1.0,1.0,0.73,0.83,,,,,,trros
7KUD,0.38897,0.77,,,0.91,0.58,0.46,0.54,0.62,0.69,0.47,0.57,,,,,,trros
7MKT,0.09654,0.0,,,0.0,0.25,0.13,0.17,0.22,0.48,0.18,0.23,,,,,,trros
7PS8,0.12639,0.26,,,0.37,0.3,0.17,0.22,0.39,0.44,0.18,0.27,,,,,,trros
7Q48,0.13234,0.36,,,0.55,0.34,0.18,0.27,0.41,0.5,0.22,0.33,,,,,,trros
7Q6L,0.15612,0.28,,0.0,0.48,0.32,0.23,0.27,0.32,0.46,0.28,0.38,,,,,,trros
7QA2,0.10928,0.36,,,0.54,0.34,0.23,0.32,0.32,0.5,0.24,0.34,,,,,,trros
7RWR,0.39621,0.75,0.87,0.0,0.77,0.66,0.37,0.58,0.74,0.97,0.57,0.59,,,,,,trros
7SHX,0.19667,0.47,0.34,0.0,0.57,0.16,0.12,0.15,0.16,0.21,0.47,0.58,,,,,,trros
7SXP,0.17309,0.36,,,0.56,0.32,0.16,0.26,0.32,0.53,0.19,0.3,,,,,,trros
7UGA,0.33883,0.81,0.89,,0.77,0.52,0.33,0.44,0.54,0.77,0.69,0.75,,,,,,trros
7UMC,0.29601,0.64,0.79,0.0,0.61,0.34,0.17,0.26,0.39,0.53,0.55,0.62,,,,,,trros
7UMD,0.16665,0.55,0.48,,0.61,0.42,0.18,0.3,0.48,0.72,0.46,0.55,,,,,,trros
7UME,0.14482,0.47,0.43,,0.56,0.54,0.18,0.39,0.71,0.86,0.5,0.67,,,,,,trros
7V06,0.30012,0.49,0.59,0.0,0.52,0.46,0.26,0.42,0.49,0.67,0.49,0.62,,,,,,trros
7WIA,0.38543,0.84,0.94,0.45,0.84,0.22,0.12,0.22,0.24,0.31,0.69,0.7,,,,,,trros
8BTZ,0.21728,0.45,0.42,0.0,0.54,0.12,0.06,0.1,0.13,0.18,0.54,0.64,,,,,,trros
8BU8,0.31081,0.66,0.66,0.0,0.68,0.14,0.08,0.12,0.15,0.23,0.57,0.63,,,,,,trros
8BWT,0.17153,0.79,0.85,,0.78,0.53,0.27,0.38,0.58,0.88,0.62,0.64,,,,,,trros
8CLR,0.20346,0.76,0.82,,0.74,0.77,0.43,0.64,1.0,1.0,0.61,0.68,,,,,,trros
8CQ1,0.40835,0.62,0.78,,0.59,0.67,0.32,0.48,0.89,1.0,0.68,0.73,,,,,,trros
8FB3,0.2659,0.55,0.82,0.0,0.6,0.68,0.29,0.56,0.85,1.0,0.48,0.55,,,,,,trros
8FCS,0.50856,0.8,0.85,,0.78,0.62,0.22,0.45,0.82,0.97,0.73,0.77,,,,,,trros
8FZA,0.27127,0.41,0.68,0.28,0.38,0.76,0.34,0.69,1.0,1.0,0.55,0.65,,,,,,trros
8HB8,0.14942,0.2,,0.0,0.29,0.2,0.09,0.13,0.24,0.33,0.31,0.42,,,,,,trros
8I43,0.14755,0.69,0.77,0.0,0.71,0.58,0.26,0.47,0.63,0.95,0.64,0.69,,,,,,trros
8I44,0.13993,0.22,,0.0,0.35,0.38,0.21,0.32,0.42,0.58,0.52,0.65,,,,,,trros
8I45,0.13365,0.32,0.38,0.0,0.42,0.42,0.21,0.37,0.47,0.63,0.52,0.7,,,,,,trros
8I46,0.14397,0.72,1.0,,0.58,0.72,0.42,0.63,0.84,1.0,0.64,0.75,,,,,,trros
8ITS,0.17217,0.45,0.45,0.0,0.57,0.22,0.15,0.22,0.22,0.3,0.4,0.44,,,,,,trros
8JHP,0.1402,0.47,0.71,0.0,0.43,0.58,0.22,0.44,0.67,1.0,0.5,0.55,,,,,,trros
8K2Z,0.13557,0.2,,0.0,0.31,0.23,0.09,0.18,0.28,0.37,0.49,0.58,,,,,,trros
8K30,0.53919,0.3,0.16,0.0,0.39,0.72,0.36,0.65,0.86,1.0,0.68,0.7,,,,,,trros
8K8B,0.18352,0.34,,0.0,0.58,0.4,0.26,0.37,0.42,0.53,0.48,0.75,,,,,,trros
8KEB,0.1606,0.28,0.0,0.0,0.41,0.22,0.07,0.14,0.24,0.42,0.49,0.58,,,,,,trros
8Q4O,0.10659,0.29,,,0.46,0.33,0.22,0.26,0.26,0.56,0.22,0.35,,,,,,trros
8Q6N,0.12914,0.33,0.17,0.0,0.44,0.27,0.11,0.17,0.33,0.48,0.54,0.65,,,,,,trros
8QO2,0.28936,0.58,0.47,0.0,0.65,0.07,0.04,0.06,0.08,0.1,0.54,0.59,,,,,,trros
8QO3,0.36604,0.56,0.29,0.0,0.68,0.28,0.11,0.2,0.31,0.48,0.58,0.71,,,,,,trros
8QO4,0.29529,0.62,0.57,0.0,0.66,0.2,0.06,0.14,0.23,0.35,0.52,0.59,,,,,,trros
8QO5,0.21046,0.56,0.39,,0.63,0.17,0.08,0.12,0.2,0.26,0.48,0.58,,,,,,trros
8SCF,0.11683,0.3,0.21,,0.4,0.3,0.17,0.23,0.33,0.47,0.51,0.62,,,,,,trros
8SCH,0.2726,0.65,0.8,,0.64,0.35,0.15,0.26,0.44,0.56,0.57,0.65,,,,,,trros
8T5O,0.21043,0.31,0.0,0.0,0.43,0.16,0.08,0.13,0.21,0.24,0.34,0.42,,,,,,trros
8TNS,0.08636,0.0,,,0.0,0.26,0.12,0.17,0.29,0.46,0.23,0.3,,,,,,trros
8TVZ,0.21138,0.68,0.7,0.0,0.69,0.1,0.05,0.08,0.11,0.16,0.43,0.5,,,,,,trros
8UPT,0.49638,0.57,0.68,0.34,0.56,0.14,0.08,0.11,0.16,0.2,0.63,0.64,,,,,,trros
8UTG,0.13591,0.37,,,0.55,0.3,0.19,0.19,0.33,0.48,0.21,0.33,,,,,,trros
8UYG,0.22807,0.54,0.6,0.0,0.56,0.2,0.12,0.17,0.22,0.28,,,,,,,,trros
8UYM,0.31631,0.7,0.7,0.0,0.71,0.25,0.11,0.2,0.27,0.41,,,,,,,,trros
8UYP,0.20298,0.59,0.38,0.0,0.7,0.15,0.09,0.12,0.17,0.24,,,,,,,,trros
8V1H,0.13601,0.32,0.0,0.0,0.43,0.12,0.07,0.08,0.13,0.18,0.54,0.66,,,,,,trros
8V1I,0.48961,0.24,0.0,0.0,0.35,0.64,0.33,0.51,0.75,1.0,0.62,0.67,,,,,,trros
8VCI,0.32766,0.6,0.78,0.0,0.57,0.28,0.11,0.18,0.28,0.57,0.55,0.6,,,,,,trros
8VT5,0.54258,0.58,0.81,0.25,0.52,0.67,0.25,0.61,0.83,1.0,0.67,0.74,,,,,,trros
8XZL,0.20187,0.32,0.42,0.0,0.39,0.32,0.14,0.25,0.4,0.5,0.44,0.48,,,,,,trros
8ZAU,0.25314,0.57,0.74,0.0,0.57,0.23,0.16,0.22,0.25,0.28,0.45,0.52,,,,,,trros
9BLM,0.28217,0.43,0.27,0.0,0.5,0.31,0.16,0.25,0.36,0.46,0.43,0.54,,,,,,trros
9BUN,0.28951,0.47,0.66,0.0,0.47,0.45,0.17,0.38,0.56,0.71,0.44,0.52,,,,,,trros
9DE6,0.43245,0.69,0.81,,0.66,0.4,0.2,0.3,0.41,0.7,0.65,0.69,,,,,,trros
9DE7,0.47788,0.56,0.74,0.0,0.54,0.43,0.16,0.28,0.42,0.88,0.64,0.69,,,,,,trros
9ECQ,0.35127,0.78,0.84,,0.75,0.82,0.59,0.71,1.0,1.0,0.71,0.74,,,,,,trros
9ECR,0.31863,0.56,0.61,,0.57,0.64,0.38,0.5,0.69,1.0,0.61,0.71,,,,,,trros
9EOW,0.13366,0.35,,0.0,0.56,0.26,0.17,0.24,0.24,0.38,0.56,0.78,,,,,,trros
9EWW,0.18433,0.53,0.44,0.0,0.6,0.16,0.12,0.14,0.17,0.22,0.31,0.34,,,,,,trros
9FM4,0.23808,0.56,0.76,,0.49,0.67,0.28,0.6,0.84,0.96,0.63,0.7,,,,,,trros
9FO8,0.19494,0.61,0.85,0.0,0.55,0.62,0.31,0.45,0.76,0.97,0.65,0.75,,,,,,trros
9FO9,0.21747,0.74,0.87,,0.71,0.64,0.39,0.48,0.7,1.0,0.68,0.76,,,,,,trros
9G7C,0.20089,0.62,0.74,0.18,0.61,0.15,0.08,0.12,0.19,0.22,0.46,0.5,,,,,,trros
9IO0,0.22239,0.81,0.93,,0.78,0.54,0.26,0.37,0.63,0.9,0.72,0.89,,,,,,trros
9IO1,0.20374,0.48,0.76,0.0,0.39,0.55,0.26,0.37,0.68,0.9,0.66,0.8,,,,,,trros
9IOR,0.14246,0.66,0.86,,0.57,0.54,0.21,0.37,0.68,0.9,0.7,0.85,,,,,,trros
9IOS,0.11185,0.57,0.84,0.0,0.48,0.5,0.26,0.37,0.47,0.9,0.66,0.69,,,,,,trros
9IOU,0.15908,0.69,0.93,0.0,0.64,0.49,0.26,0.32,0.53,0.84,0.67,0.73,,,,,,trros
R1205,0.25095,0.48,0.32,,0.56,0.31,0.13,0.29,0.38,0.44,0.34,0.4,,,,,,trros
R1209,0.25086,0.72,0.8,0.0,0.7,0.3,0.21,0.25,0.32,0.4,0.54,0.54,,,,,,trros
R1211,0.33897,0.61,0.7,0.0,0.61,0.33,0.12,0.3,0.38,0.53,0.53,0.53,,,,,,trros
R1212,0.23704,0.29,0.0,0.0,0.41,0.24,0.14,0.23,0.26,0.32,0.42,0.49,,,,,,trros
R1248,0.2729,0.36,0.0,0.0,0.52,0.06,0.04,0.06,0.08,0.09,0.17,0.22,,,,,,trros
R1263,0.7898,0.78,0.92,0.41,0.74,0.86,0.53,0.91,0.98,1.0,0.75,0.8,,,,,,trros
R1271,0.1657,0.36,,0.0,0.49,0.22,0.08,0.16,0.26,0.38,0.52,0.67,,,,,,trros
R1288,0.18367,0.38,0.0,0.0,0.56,0.21,0.12,0.14,0.24,0.35,0.39,0.48,,,,,,trros
R1293,0.38649,0.5,0.65,0.0,0.5,0.42,0.13,0.27,0.55,0.74,0.51,0.56,,,,,,trros
R1296,0.2846,0.62,0.71,0.0,0.62,0.31,0.22,0.26,0.32,0.42,0.55,0.6,,,,,,trros
