PDB_ID,TM-scoreRNA,INF-ALL,INF-WC,INF-NWC,INF-STACK,GDT-TS,GDT-TS@1,GDT-TS@2,GDT-TS@4,GDT-TS@8,lddt,C-lddt,ptm,TM_ScoreMAX
7EXY,0.20765,0.88,1.0,1.0,0.82,0.69,0.38,0.5,0.88,1.0,0.62,0.67,0.1357967257499694,0.41993
7KUB,0.33353,0.86,0.9,0.0,0.88,0.23,0.15,0.22,0.27,0.3,0.7,0.76,0.5324562191963196,0.56407
7KUC,0.33573,0.86,0.91,,0.83,0.88,0.56,0.94,1.0,1.0,0.75,0.88,0.1162523180246353,0.57192
7KUD,0.30498,0.9,1.0,,0.86,0.81,0.54,0.77,0.92,1.0,0.74,0.86,0.0956550315022468,0.55547
7MKT,0.11349,0.0,,,0.0,0.26,0.13,0.17,0.26,0.48,0.25,0.31,0.3153726160526275,0.21263
7PS8,0.14895,0.35,,,0.49,0.28,0.17,0.22,0.3,0.44,0.19,0.28,0.210765078663826,0.19502
7Q48,0.12852,0.49,,,0.75,0.32,0.23,0.27,0.32,0.46,0.23,0.33,0.1730382293462753,0.25155
7Q6L,0.12497,0.36,,,0.6,0.32,0.23,0.27,0.32,0.46,0.28,0.44,0.149691641330719,0.21371
7QA2,0.11873,0.46,,,0.69,0.33,0.18,0.32,0.32,0.5,0.25,0.36,0.1653297841548919,0.21769
7RWR,0.27836,0.69,0.84,0.0,0.68,0.57,0.26,0.45,0.68,0.87,0.52,0.58,0.5350527763366699,0.47046
7SHX,0.17696,0.62,0.73,0.0,0.59,0.2,0.11,0.15,0.24,0.32,0.54,0.64,0.4979256391525268,0.35912
7SXP,0.13791,0.33,,,0.6,0.38,0.26,0.26,0.37,0.63,0.23,0.38,0.2566515803337097,0.22235
7UGA,0.3167,0.84,0.87,,0.88,0.51,0.33,0.4,0.56,0.77,0.61,0.8,0.5923259854316711,0.44115
7UMC,0.31398,0.7,0.57,0.0,0.77,0.36,0.21,0.27,0.46,0.51,0.46,0.65,0.5462360382080078,0.41778
7UMD,0.34879,0.81,1.0,,0.72,0.59,0.32,0.45,0.7,0.9,0.57,0.73,0.512916088104248,0.35078
7UME,0.40673,0.77,0.86,,0.78,0.8,0.57,0.68,0.93,1.0,0.66,0.75,0.539963960647583,0.51294
7V06,0.48251,0.83,0.97,0.0,0.83,0.78,0.4,0.81,0.93,1.0,0.79,0.82,0.5184955596923828,0.46901
7WIA,0.32442,0.8,0.88,0.32,0.82,0.25,0.14,0.2,0.29,0.37,0.64,0.77,0.5048118829727173,0.49617
8BTZ,0.54226,0.89,1.0,0.58,0.84,0.34,0.11,0.19,0.43,0.65,0.77,0.82,0.614333987236023,0.36102
8BU8,0.23294,0.83,0.9,0.0,0.82,0.12,0.06,0.1,0.16,0.19,0.61,0.75,0.4370996952056885,0.36292
8BWT,0.24246,0.89,0.95,,0.88,0.69,0.31,0.58,0.88,1.0,0.74,0.76,0.5299039483070374,0.32736
8CLR,0.25075,0.91,1.0,,0.86,0.88,0.5,1.0,1.0,1.0,0.7,0.82,0.1182291135191917,0.41608
8CQ1,0.38626,0.87,0.94,,0.84,0.68,0.25,0.52,0.93,1.0,0.75,0.79,0.6243714690208435,0.48478
8FB3,0.25761,0.46,0.0,0.0,0.64,0.26,0.15,0.18,0.32,0.41,0.25,0.37,0.4165058135986328,0.46721
8FCS,0.59979,0.88,0.86,,0.89,0.66,0.31,0.52,0.87,0.93,0.81,0.83,0.6176985502243042,0.56747
8FZA,0.18728,0.62,0.68,,0.75,0.47,0.28,0.41,0.55,0.66,0.41,0.47,0.4531660079956054,0.44683
8HB8,0.29295,0.56,0.74,0.0,0.59,0.4,0.22,0.33,0.44,0.6,0.31,0.56,0.3941551744937897,0.34484
8I43,0.16197,0.81,0.86,1.0,0.78,0.6,0.37,0.47,0.63,0.95,0.72,0.83,0.117739737033844,0.28083
8I44,0.17371,0.74,0.86,,0.71,0.63,0.32,0.47,0.74,1.0,0.71,0.78,0.1237582117319107,0.32711
8I45,0.16642,0.8,0.86,,0.8,0.7,0.32,0.68,0.79,1.0,0.66,0.82,0.1188795790076255,0.2893
8I46,0.18004,0.85,1.0,,0.81,0.68,0.37,0.63,0.79,0.95,0.71,0.81,0.1196856498718261,0.28685
8ITS,0.28633,0.84,0.97,0.71,0.82,0.41,0.28,0.37,0.46,0.54,0.55,0.59,0.4883054792881012,0.36242
8JHP,0.24458,0.77,0.88,0.71,0.74,0.69,0.3,0.59,0.89,1.0,0.63,0.7,0.4091335833072662,0.30613
8K2Z,0.34971,0.76,0.85,0.71,0.74,0.51,0.26,0.33,0.6,0.84,0.56,0.64,0.6522688865661621,0.50856
8K30,0.53594,0.33,0.0,0.0,0.49,0.69,0.4,0.62,0.79,0.96,0.59,0.73,0.611555814743042,0.56405
8K8B,0.17385,0.71,1.0,,0.59,0.57,0.21,0.42,0.68,0.95,0.64,0.72,0.1159534156322479,0.40757
8KEB,0.31577,0.39,0.0,0.0,0.6,0.37,0.2,0.3,0.38,0.61,0.54,0.61,0.6295820474624634,0.68851
8Q4O,0.10855,0.34,,,0.54,0.3,0.17,0.22,0.3,0.52,0.22,0.37,0.2001844197511673,0.18369
8Q6N,0.40027,0.76,0.69,,0.83,0.59,0.35,0.48,0.56,0.96,0.62,0.73,0.4897373914718628,0.54936
8QO2,0.22837,0.55,0.38,0.0,0.64,0.06,0.04,0.05,0.06,0.1,0.34,0.51,0.2591882944107055,0.41235
8QO3,0.39579,0.76,0.65,0.0,0.82,0.35,0.15,0.28,0.44,0.52,0.66,0.72,0.5235196352005005,0.4036
8QO4,0.27552,0.67,0.58,0.0,0.71,0.2,0.08,0.15,0.24,0.35,0.52,0.61,0.5147249698638916,0.44961
8QO5,0.23883,0.62,0.36,,0.71,0.19,0.08,0.17,0.23,0.3,0.47,0.61,0.5785931944847107,0.4097
8SCF,0.35514,0.81,0.86,,0.8,0.78,0.43,0.77,0.9,1.0,0.77,0.81,0.5893580913543701,0.50094
8SCH,0.3242,0.72,0.83,,0.68,0.38,0.26,0.34,0.41,0.5,0.62,0.74,0.4380882382392883,0.39111
8T5O,0.2834,0.44,0.0,0.0,0.62,0.19,0.12,0.17,0.21,0.26,0.37,0.47,0.4752634763717651,0.36606
8TNS,0.10459,0.0,,,0.0,0.34,0.17,0.25,0.38,0.58,0.28,0.35,0.4092678725719452,0.18641
8TVZ,0.41025,0.82,0.92,0.0,0.79,0.15,0.06,0.1,0.15,0.29,0.58,0.64,0.4728577435016632,0.32543
8UPT,0.40738,0.69,0.7,0.26,0.72,0.16,0.1,0.13,0.17,0.22,0.6,0.71,0.6342712640762329,0.63427
8UTG,0.05151,0.35,,,0.52,0.34,0.19,0.29,0.38,0.52,0.23,0.32,0.1455535590648651,0.26499
8UYG,0.30983,0.57,0.17,0.0,0.73,0.13,0.08,0.1,0.16,0.18,,,0.3105627000331878,0.40504
8UYM,0.27704,0.78,0.7,,0.82,0.24,0.12,0.17,0.27,0.41,,,0.5852628946304321,0.42196
8UYP,0.22662,0.77,0.82,0.25,0.78,0.2,0.13,0.18,0.22,0.27,,,0.5020224452018738,0.46527
8V1H,0.56451,0.33,0.0,0.0,0.48,0.19,0.14,0.17,0.2,0.24,0.7,0.72,0.6814824342727661,0.49654
8V1I,0.42743,0.4,0.0,0.0,0.56,0.55,0.33,0.46,0.58,0.82,0.63,0.65,0.6392911076545715,0.54171
8VCI,0.23514,0.8,0.88,0.0,0.8,0.22,0.14,0.17,0.26,0.32,0.6,0.67,0.5909745693206787,0.3852
8VT5,0.46968,0.76,0.86,0.41,0.72,0.59,0.29,0.48,0.68,0.92,0.45,0.7,0.6890797019004822,0.5276
8XZL,0.30423,0.79,0.92,0.58,0.77,0.42,0.27,0.35,0.52,0.56,0.59,0.68,0.5206394791603088,0.45627
8ZAU,0.3289,0.75,0.91,,0.71,0.34,0.24,0.29,0.35,0.47,0.46,0.59,0.5908921957015991,0.41859
9BLM,0.37959,0.62,0.33,0.5,0.76,0.33,0.21,0.28,0.33,0.49,0.5,0.59,0.5564064383506775,0.52925
9BUN,0.37039,0.67,0.69,0.0,0.69,0.54,0.27,0.52,0.65,0.71,0.47,0.59,0.5408532619476318,0.44394
9DE6,0.55175,0.88,0.96,,0.84,0.45,0.2,0.29,0.41,0.89,0.8,0.84,0.6299555897712708,0.56282
9DE7,0.48962,0.78,0.91,,0.74,0.43,0.19,0.25,0.46,0.82,0.76,0.74,0.6397566199302673,0.52481
9ECQ,0.37724,0.8,0.84,,0.82,0.85,0.71,0.76,0.94,1.0,0.78,0.8,0.1184466853737831,0.49711
9ECR,0.4179,0.74,0.73,,0.75,0.67,0.38,0.56,0.75,1.0,0.7,0.73,0.1181749254465103,0.53781
9EOW,0.16285,0.84,1.0,,0.78,0.3,0.17,0.24,0.34,0.45,0.71,0.77,0.5431675314903259,0.30813
9EWW,0.1944,0.47,0.0,0.0,0.66,0.09,0.06,0.08,0.1,0.13,0.22,0.28,0.1884903907775879,0.35472
9FM4,0.20345,0.73,1.0,,0.6,0.63,0.2,0.52,0.8,1.0,0.68,0.74,0.5202328562736511,0.33679
9FO8,0.1992,0.74,0.96,,0.63,0.53,0.28,0.38,0.59,0.9,0.62,0.73,0.5832574367523193,0.29635
9FO9,0.2359,0.8,0.93,,0.76,0.52,0.3,0.39,0.48,0.88,0.66,0.76,0.615455150604248,0.31832
9G7C,0.22217,0.55,0.35,0.0,0.64,0.13,0.09,0.1,0.13,0.18,0.31,0.42,0.2223089784383773,0.33574
9IO0,0.18491,0.83,1.0,0.0,0.81,0.55,0.26,0.42,0.68,0.84,0.75,0.83,0.1185641139745712,0.32854
9IO1,0.14867,0.8,1.0,1.0,0.66,0.51,0.21,0.32,0.68,0.84,0.67,0.75,0.1232561841607093,0.29487
9IOR,0.24999,0.76,1.0,,0.66,0.57,0.32,0.42,0.68,0.84,0.7,0.8,0.1174003332853317,0.28137
9IOS,0.19625,0.9,0.93,0.71,0.92,0.49,0.32,0.37,0.47,0.79,0.77,0.84,0.1096964552998542,0.29224
9IOU,0.20248,0.76,1.0,,0.66,0.47,0.26,0.37,0.53,0.74,0.64,0.8,0.1287833899259567,0.2967
R1205,0.269,0.44,0.36,0.0,0.55,0.32,0.24,0.27,0.34,0.44,0.28,0.42,0.4092749953269958,0.39456
R1209,0.25469,0.76,0.9,,0.7,0.29,0.18,0.24,0.32,0.43,0.58,0.59,0.5370560884475708,0.36336
R1211,0.41496,0.86,0.92,0.0,0.85,0.41,0.19,0.32,0.47,0.68,0.62,0.68,0.6142023205757141,0.45016
R1212,0.24179,0.28,0.0,0.0,0.41,0.25,0.17,0.22,0.26,0.34,0.5,0.57,0.4225066602230072,0.40192
R1248,0.23926,0.45,0.0,0.0,0.64,0.06,0.04,0.06,0.07,0.08,0.13,0.2,0.2238729447126388,0.33243
R1263,0.27553,0.75,0.83,0.0,0.77,0.38,0.2,0.28,0.36,0.67,0.56,0.66,0.5528339743614197,0.92993
R1271,0.62939,0.79,0.89,0.58,0.77,0.69,0.23,0.6,0.92,1.0,0.73,0.78,0.7843608856201172,0.71314
R1288,0.24632,0.64,0.68,0.41,0.65,0.4,0.24,0.31,0.43,0.61,0.54,0.59,0.6668718457221985,0.3882
R1293,0.45625,0.71,0.81,0.29,0.69,0.42,0.16,0.26,0.49,0.78,0.54,0.64,0.4812381267547607,0.46122
R1296,0.26851,0.83,0.9,0.0,0.82,0.31,0.19,0.28,0.33,0.42,0.58,0.65,0.5815827250480652,0.42628
