PDB_ID,TM-scoreRNA,INF-ALL,INF-WC,INF-NWC,INF-STACK,GDT-TS,GDT-TS@1,GDT-TS@2,GDT-TS@4,GDT-TS@8,lddt,C-lddt,TM_ScoreMAX
7EXY,0.26408,0.76,1.0,,0.7,0.66,0.38,0.56,0.69,1.0,0.52,0.59,0.41993
7KUB,0.4023,0.78,0.76,,0.8,0.25,0.17,0.25,0.28,0.3,0.62,0.73,0.56407
7KUC,0.41476,0.92,0.91,,0.93,0.94,0.81,0.94,1.0,1.0,0.8,0.89,0.57192
7KUD,0.34221,0.74,0.5,,0.86,0.9,0.62,1.0,1.0,1.0,0.18,0.81,0.55547
7MKT,0.08987,0.0,,0.0,0.0,0.26,0.17,0.17,0.26,0.44,0.25,0.31,0.21263
7PS8,0.09658,0.26,,0.0,0.43,0.29,0.17,0.17,0.3,0.52,0.18,0.3,0.19502
7Q48,0.09031,0.33,,,0.55,0.31,0.18,0.23,0.27,0.55,0.18,0.33,0.25155
7Q6L,0.11873,0.3,,,0.46,0.31,0.18,0.27,0.32,0.46,0.23,0.36,0.21371
7QA2,0.12327,0.27,,,0.43,0.31,0.18,0.23,0.32,0.5,0.26,0.36,0.21769
7RWR,0.37568,0.74,0.85,0.0,0.77,0.64,0.34,0.6,0.74,0.87,0.48,0.56,0.47046
7SHX,0.17875,0.68,0.61,0.0,0.75,0.19,0.11,0.15,0.18,0.31,0.44,0.64,0.35912
7SXP,0.12365,0.25,,,0.42,0.34,0.21,0.26,0.32,0.58,0.21,0.34,0.22235
7UGA,0.42513,0.83,0.78,,0.85,0.56,0.42,0.51,0.56,0.74,0.64,0.76,0.44115
7UMC,0.31915,0.73,0.82,0.0,0.73,0.39,0.19,0.31,0.49,0.57,0.53,0.7,0.41778
7UMD,0.31574,0.68,0.85,,0.62,0.49,0.32,0.4,0.48,0.78,0.46,0.66,0.35078
7UME,0.38316,0.83,0.76,,0.88,0.79,0.5,0.71,0.93,1.0,0.6,0.77,0.51294
7V06,0.35875,0.62,0.38,0.0,0.77,0.59,0.3,0.46,0.63,0.98,0.54,0.7,0.46901
7WIA,0.42405,0.81,0.89,0.0,0.84,0.26,0.16,0.22,0.29,0.35,0.6,0.77,0.49617
8BTZ,0.3149,0.79,0.86,0.0,0.78,0.21,0.1,0.16,0.24,0.33,0.64,0.75,0.36102
8BU8,0.27524,0.71,0.64,0.0,0.76,0.13,0.08,0.11,0.14,0.17,0.51,0.65,0.36292
8BWT,0.20018,0.83,0.85,,0.82,0.6,0.27,0.42,0.69,1.0,0.58,0.67,0.32736
8CLR,0.30522,0.94,1.0,,0.9,0.91,0.71,0.93,1.0,1.0,0.61,0.86,0.41608
8CQ1,0.41691,0.84,0.94,,0.8,0.69,0.3,0.5,0.98,1.0,0.75,0.83,0.48478
8FB3,0.58616,0.78,0.83,0.6,0.82,0.92,0.71,0.97,1.0,1.0,0.78,0.88,0.46721
8FCS,0.63414,0.88,0.88,,0.88,0.72,0.31,0.68,0.92,0.97,0.8,0.82,0.56747
8FZA,0.25951,0.65,0.86,0.45,0.67,0.73,0.34,0.62,0.97,1.0,0.33,0.68,0.44683
8HB8,0.27355,0.53,0.57,0.0,0.62,0.34,0.14,0.27,0.42,0.55,0.17,0.5,0.34484
8I43,0.20185,0.69,0.77,,0.71,0.59,0.26,0.47,0.63,1.0,0.57,0.77,0.28083
8I44,0.20255,0.69,0.84,,0.67,0.66,0.37,0.53,0.74,1.0,0.6,0.82,0.32711
8I45,0.18629,0.72,0.86,,0.67,0.7,0.37,0.58,0.84,1.0,0.38,0.84,0.2893
8I46,0.2308,0.74,0.76,,0.75,0.76,0.42,0.74,0.9,1.0,0.47,0.8,0.28685
8ITS,0.25766,0.88,0.97,0.41,0.9,0.39,0.28,0.35,0.39,0.54,0.53,0.61,0.36242
8JHP,0.24537,0.78,0.8,0.0,0.83,0.57,0.26,0.44,0.67,0.93,0.43,0.63,0.30613
8K2Z,0.44706,0.84,0.91,0.71,0.81,0.64,0.28,0.49,0.81,1.0,0.43,0.78,0.50856
8K30,0.63489,0.38,0.15,0.0,0.51,0.79,0.48,0.73,0.94,1.0,0.54,0.83,0.56405
8K8B,0.16605,0.66,0.93,,0.55,0.6,0.26,0.42,0.79,0.95,0.63,0.82,0.40757
8KEB,0.71253,0.34,0.0,0.0,0.55,0.79,0.42,0.75,0.99,1.0,0.53,0.83,0.68851
8Q4O,0.14232,0.23,,,0.43,0.27,0.17,0.22,0.26,0.44,0.26,0.37,0.18369
8Q6N,0.54175,0.85,0.88,,0.88,0.8,0.5,0.72,1.0,1.0,0.77,0.9,0.54936
8QO2,0.31543,0.66,0.48,0.0,0.72,0.07,0.04,0.05,0.08,0.1,0.56,0.6,0.41235
8QO3,0.5326,0.8,0.66,0.0,0.85,0.39,0.14,0.4,0.49,0.51,0.65,0.74,0.4036
8QO4,0.38195,0.71,0.66,0.0,0.73,0.28,0.09,0.25,0.34,0.43,0.53,0.61,0.44961
8QO5,0.29979,0.68,0.42,,0.74,0.19,0.08,0.15,0.21,0.33,0.6,0.65,0.4097
8SCF,0.41473,0.81,0.86,,0.8,0.78,0.57,0.7,0.83,1.0,0.75,0.8,0.50094
8SCH,0.23178,0.76,0.83,,0.75,0.35,0.18,0.25,0.38,0.57,0.62,0.7,0.39111
8T5O,0.21788,0.47,0.0,0.0,0.63,0.21,0.14,0.18,0.22,0.29,0.34,0.44,0.36606
8TNS,0.13141,0.0,,,0.0,0.3,0.12,0.25,0.33,0.5,0.23,0.34,0.18641
8TVZ,0.24662,0.69,0.65,0.0,0.73,0.1,0.05,0.08,0.11,0.15,0.41,0.56,0.32543
8UPT,0.6028,0.72,0.77,0.45,0.72,0.14,0.08,0.11,0.16,0.22,0.54,0.72,0.63427
8UTG,0.14738,0.31,,,0.46,0.34,0.19,0.24,0.33,0.62,0.21,0.32,0.26499
8UYG,0.29237,0.76,0.78,0.0,0.78,0.25,0.16,0.2,0.27,0.35,,,0.40504
8UYM,0.27121,0.79,0.79,0.0,0.8,0.23,0.1,0.18,0.31,0.34,,,0.42196
8UYP,0.37182,0.72,0.6,0.0,0.8,0.28,0.1,0.2,0.34,0.46,,,0.46527
8V1H,0.55012,0.37,0.11,0.0,0.52,0.2,0.16,0.18,0.21,0.25,0.62,0.8,0.49654
8V1I,0.5797,0.32,0.0,0.0,0.49,0.73,0.36,0.65,0.89,1.0,0.5,0.79,0.54171
8VCI,0.28861,0.69,0.63,0.0,0.74,0.22,0.14,0.17,0.25,0.32,0.41,0.62,0.3852
8VT5,0.52719,0.82,0.93,0.5,0.77,0.72,0.36,0.63,0.92,1.0,0.43,0.81,0.5276
8XZL,0.27101,0.75,0.81,,0.78,0.43,0.27,0.31,0.5,0.64,0.52,0.65,0.45627
8ZAU,0.3821,0.69,0.88,,0.65,0.38,0.28,0.34,0.38,0.52,0.5,0.6,0.41859
9BLM,0.56686,0.86,0.9,,0.86,0.7,0.34,0.64,0.84,1.0,0.73,0.87,0.52925
9BUN,0.32323,0.69,0.74,,0.7,0.46,0.29,0.38,0.48,0.71,0.34,0.55,0.44394
9DE6,0.53482,0.88,0.93,,0.86,0.43,0.23,0.3,0.39,0.79,0.76,0.77,0.56282
9DE7,0.49865,0.86,0.93,,0.85,0.45,0.18,0.32,0.42,0.88,0.69,0.73,0.52481
9ECQ,0.42793,0.87,0.84,,0.89,0.85,0.65,0.76,1.0,1.0,0.76,0.82,0.49711
9ECR,0.3495,0.82,0.82,,0.84,0.64,0.31,0.56,0.69,1.0,0.67,0.74,0.53781
9EOW,0.1944,0.78,0.96,,0.71,0.32,0.21,0.28,0.34,0.45,0.74,0.82,0.30813
9EWW,0.18445,0.64,0.54,0.0,0.73,0.17,0.12,0.13,0.18,0.26,0.36,0.4,0.35472
9FM4,0.21894,0.8,1.0,,0.72,0.66,0.28,0.52,0.84,1.0,0.64,0.75,0.33679
9FO8,0.23475,0.79,0.96,,0.72,0.62,0.34,0.45,0.72,0.97,0.6,0.77,0.29635
9FO9,0.25481,0.77,0.92,,0.74,0.6,0.3,0.48,0.61,1.0,0.69,0.77,0.31832
9G7C,0.23659,0.73,0.75,0.0,0.75,0.16,0.08,0.16,0.19,0.23,0.41,0.53,0.33574
9IO0,0.19119,0.74,0.76,0.0,0.81,0.54,0.26,0.37,0.63,0.9,0.53,0.86,0.32854
9IO1,0.15892,0.74,0.86,,0.71,0.55,0.21,0.37,0.68,0.95,0.54,0.82,0.29487
9IOR,0.23692,0.59,0.66,,0.64,0.57,0.26,0.42,0.68,0.9,0.52,0.89,0.28137
9IOS,0.18025,0.79,0.77,,0.84,0.51,0.26,0.37,0.53,0.9,0.51,0.85,0.29224
9IOU,0.18137,0.65,0.76,,0.66,0.51,0.26,0.37,0.58,0.84,0.58,0.81,0.2967
R1205,0.32268,0.57,0.58,0.0,0.64,0.36,0.26,0.34,0.4,0.44,0.24,0.41,0.39456
R1209,0.27681,0.76,0.84,0.0,0.76,0.3,0.24,0.26,0.32,0.38,0.5,0.6,0.36336
R1211,0.45052,0.84,0.89,0.0,0.84,0.44,0.22,0.37,0.56,0.63,0.59,0.64,0.45016
R1212,0.23643,0.34,0.0,0.0,0.46,0.24,0.17,0.21,0.26,0.32,0.45,0.53,0.40192
R1248,0.25438,0.46,0.0,0.0,0.64,0.06,0.04,0.06,0.07,0.08,0.16,0.23,0.33243
R1263,0.66333,0.86,0.97,0.71,0.83,0.78,0.47,0.7,0.97,1.0,0.6,0.81,0.92993
R1271,0.66617,0.81,0.82,0.58,0.82,0.7,0.3,0.65,0.9,0.97,0.48,0.77,0.71314
R1288,0.34882,0.65,0.6,0.41,0.7,0.47,0.24,0.39,0.53,0.73,0.45,0.61,0.3882
R1293,0.31029,0.69,0.64,0.0,0.75,0.31,0.16,0.23,0.38,0.48,0.3,0.59,0.46122
R1296,0.3388,0.84,0.91,0.0,0.81,0.37,0.26,0.29,0.43,0.5,0.58,0.73,0.42628
